company_id,company_name,success_label,status,country,state_code,city,region,latitude,longitude,founded_at,closed_at,age_years,primary_industry,is_software,is_web,is_mobile,is_enterprise,is_biotech_or_health,funding_total_usd,funding_rounds,first_funding_at,last_funding_at,age_at_first_funding_years,age_at_last_funding_years,has_VC,has_angel,avg_participants,num_founders,employee_count
c:6669,Bandsintown,1,acquired,USA,CA,San Diego,US-West,42.35888,-71.05682,2007-01-01,,3.0006844626967832,music,0,0,0,0,0,375000,3,2009-04-01,2010-01-01,2.2493,3.0027,0,1,1.0,3,
c:16283,TriCipher,1,acquired,USA,CA,Los Gatos,US-West,37.238916,-121.973718,2000-01-01,,9.990417522245037,enterprise,0,0,0,1,0,40100000,4,2005-02-14,2009-12-28,5.126,9.9973,1,0,4.75,9,
c:65620,Plixi,1,acquired,USA,CA,San Diego,US-West,32.901049,-117.192656,2009-03-18,,1.0321697467488022,web,0,1,0,0,0,2600000,1,2010-03-30,2010-03-30,1.0329,1.0329,0,0,4.0,5,
c:42668,Solidcore Systems,1,acquired,USA,CA,Cupertino,US-West,37.320309,-122.05004,2002-01-01,,5.3114305270362765,software,1,0,0,0,0,40000000,3,2005-02-17,2007-04-25,3.1315,5.3151,0,0,3.3333,5,
c:65806,Inhale Digital,0,closed,USA,CA,San Francisco,US-West,37.779281,-122.419236,2010-08-01,2012-10-01,2.1683778234086244,games_video,0,0,0,0,0,1300000,2,2010-08-01,2012-04-01,0.0,1.6685,1,1,1.0,2,
c:22898,Matisse Networks,0,closed,USA,CA,Mountain View,US-West,37.406914,-122.09037,2002-01-01,2009-02-15,7.123887748117728,network_hosting,0,0,0,0,0,7500000,1,2006-07-18,2006-07-18,4.5452,4.5452,0,0,3.0,3,
c:16191,RingCube Technologies,1,acquired,USA,CA,Mountain View,US-West,37.3915589,-122.0702643,2005-01-01,,5.207392197125257,software,1,0,0,0,0,26000000,3,2006-09-21,2010-03-18,1.7205,5.211,1,0,1.6667,6,
c:5192,ClairMail,1,acquired,USA,CA,San Rafael,US-West,38.057107,-122.513742,2004-01-01,,6.757015742642026,finance,0,0,0,0,0,34100000,3,2005-08-24,2010-10-04,1.6466,6.7616,0,0,3.5,25,
c:1043,VoodooVox,1,acquired,USA,MA,Williamstown,US-Northeast,42.712207,-73.203599,2002-01-01,,11.104722792607802,mobile,0,0,1,0,0,9650000,3,2005-08-02,2013-02-08,3.5863,11.1123,1,0,4.0,13,
c:498,Doostang,1,acquired,USA,CA,Palo Alto,US-West,37.427235,-122.145783,2005-06-01,,4.681724845995893,web,0,1,0,0,0,5750000,3,2007-02-01,2010-02-05,1.6712,4.6849,1,1,1.0,14,
c:3949,Zong,1,acquired,USA,CA,Menlo Park,US-West,37.4429885,-122.1624131,2000-11-15,,9.442847364818617,mobile,0,0,1,0,0,27500000,3,2005-07-01,2010-04-26,4.6274,9.4493,0,0,1.0,22,
c:4829,Center'd,0,closed,USA,CA,Menlo Park,US-West,37.452992,-122.185098,2006-01-01,2011-12-02,5.916495550992471,web,0,1,0,0,0,10400000,5,2007-02-01,2011-05-03,1.0849,5.3370000000000015,1,1,1.75,8,
c:30290,Resonant Vibes,0,closed,USA,KY,Louisville,US-South,38.241467,-85.72451099999998,2004-01-01,2012-04-27,8.320328542094456,web,0,1,0,0,0,350000,1,2008-11-25,2008-11-25,4.9041,4.9041,1,0,1.0,0,
c:1491,drop.io,1,acquired,USA,NY,Brooklyn,US-Northeast,40.70276,-73.98666800000002,2007-11-26,,2.433949349760438,education,0,0,0,0,0,9950000,3,2007-12-03,2010-05-03,0.0192,2.4356,0,0,2.3333,15,
c:15645,Stratavia,1,acquired,USA,CO,Denver,US-West,39.74627279999999,-104.9911572,2001-01-01,,8.991101984941821,software,1,0,0,0,0,10700000,5,2005-08-31,2009-12-29,4.6658,8.9973,0,0,2.5,12,
c:54177,Invicta Networks,0,closed,USA,VA,Vienna,US-South,38.901301,-77.265158,1999-01-01,2010-03-28,11.236139630390143,public_relations,0,0,0,0,0,200000,1,2005-08-09,2005-08-09,6.6082,6.6082,1,0,1.0,0,
c:16770,QSecure,0,closed,USA,CA,Los Altos,US-West,37.39628270000001,-122.105531,2003-01-01,2012-09-22,9.724845995893224,security,0,0,0,0,0,49000000,5,2005-08-02,2009-10-05,2.5863,6.7644,1,0,3.5,8,
c:107,MeeVee,1,acquired,USA,CA,Burlingame,US-West,37.590339,-122.341715,2000-07-01,,7.167693360711842,games_video,0,0,0,0,0,25000000,4,2005-02-01,2007-09-01,4.5918,7.1726,0,0,3.5,7,
c:50727,SinglePlatform,1,acquired,USA,NY,New York,US-Northeast,40.730646,-73.986614,2010-01-01,,1.5797399041752225,web,0,1,0,0,0,4575000,3,2010-09-29,2011-08-01,0.7425,1.5808,0,1,5.0,10,
c:26368,Bling Nation,0,closed,USA,CA,Palo Alto,US-West,37.446411,-122.16054,2007-01-01,2011-09-10,4.689938398357289,enterprise,0,0,0,1,0,28000000,2,2009-07-02,2009-10-30,2.5014,2.8301,0,0,1.0,13,
c:22291,Metreos Corporation,1,acquired,USA,TX,Austin,US-South,30.2350399,-97.80012990000002,2001-01-01,,3.783709787816564,software,1,0,0,0,0,4355000,2,2003-03-20,2004-10-14,2.2137,3.7863,0,1,1.5,8,
c:17857,Hidden City Games,0,closed,USA,WA,Seattle,US-West,47.6026054,-122.2848651,2004-01-01,2011-09-28,7.73990417522245,other,0,0,0,0,0,15000000,1,2007-10-31,2007-10-31,3.8329,3.8329,0,0,2.0,3,
c:15888,Neopolitan Networks,0,closed,USA,CA,Palo Alto,US-West,37.426316,-122.141082,2002-01-01,2008-07-25,6.562628336755647,web,0,1,0,0,0,3170000,1,2007-06-28,2007-06-28,5.4904,5.4904,0,0,2.0,1,
c:10751,Pixelpipe,0,closed,USA,CA,San Francisco,US-West,37.764395,-122.401024,2008-01-01,2013-08-02,5.585215605749487,mobile,0,0,1,0,0,2300000,2,2007-01-01,2011-04-25,-1.0,3.3151,0,1,2.0,4,
c:458,EventVue,0,closed,USA,CO,Boulder,US-West,40.010492,-105.276843,2007-05-01,2010-02-01,2.757015742642026,public_relations,0,0,0,0,0,455000,2,2007-08-01,2007-09-01,0.2521,0.337,0,1,4.5,5,
c:45525,BridgePort Networks,1,acquired,USA,IL,Chicago,US-Midwest,41.875555,-87.624421,2002-01-01,,4.837782340862423,software,1,0,0,0,0,13000000,1,2006-11-03,2006-11-03,4.8411,4.8411,0,0,4.0,3,
c:3193,Scalent Systems,1,acquired,USA,CA,Palo Alto,US-West,37.429676,-122.1085482,2003-01-01,,4.057494866529774,public_relations,0,0,0,0,0,15000000,1,2007-01-22,2007-01-22,4.0603,4.0603,0,0,4.0,7,
c:28456,IQ Engines,1,acquired,USA,CA,Berkeley,US-West,37.870102,-122.268136,2008-06-01,,4.0657084188911705,photo_video,0,0,0,0,0,3800000,1,2012-06-25,2012-06-25,4.0685,4.0685,0,0,2.0,2,
c:36920,"RetailMeNot, Inc.",1,acquired,USA,TX,Austin,US-South,30.2653441,-97.7435857,2007-05-01,,4.528405201916495,web,0,1,0,0,0,299500000,5,2009-11-01,2011-11-10,2.5068,4.5315,1,0,1.75,37,
c:35712,Mophie,1,acquired,USA,CA,Santa Ana,US-West,33.708708,-117.852069,2005-05-24,,1.1882272416153319,hardware,0,0,0,0,0,1000000,1,2006-08-01,2006-08-01,1.189,1.189,1,0,2.0,5,
c:21492,Airship Ventures,0,closed,USA,CA,Moffett Field,US-West,37.422859,-122.045217,2007-01-01,2012-11-14,5.8699520876112254,other,0,0,0,0,0,10500000,2,2008-05-09,2009-03-01,1.3534,2.1644,0,0,2.0,3,
c:28768,Lockdown Networks,1,acquired,USA,WA,Seattle,US-West,47.603832,-122.330062,2001-01-01,,5.163586584531143,public_relations,0,0,0,0,0,8600000,2,2005-02-25,2006-03-02,4.1534,5.1671,1,0,1.5,6,
c:27741,eMinor,0,closed,USA,NC,Durham,US-South,36.002893,-78.904075,2006-10-01,2012-02-17,5.379876796714579,software,1,0,0,0,0,5000000,2,2006-08-01,2008-10-07,-0.1671,2.0192,0,0,2.5,9,
c:150658,Karma,1,acquired,USA,CA,San Francisco,US-West,37.779281,-122.419236,2011-01-01,,0.8678986995208761,mobile,0,0,1,0,0,2304999,2,2011-01-01,2011-11-14,0.0,0.8685,1,0,5.0,3,
c:34338,Zipano,0,closed,USA,PA,Pittsburgh,US-Northeast,40.441694,-79.990086,2009-06-01,2012-05-27,2.9869952087611225,security,0,0,0,0,0,25000,1,2009-07-01,2009-07-01,0.0822,0.0822,0,1,1.0,2,
c:45111,Entertainment Media Works,0,closed,USA,NY,New York,US-Northeast,40.73901,-73.997259,2004-07-01,2008-10-01,4.251882272416153,software,1,0,0,0,0,4000000,1,2007-02-26,2007-02-26,2.6575,2.6575,0,0,1.0,1,
c:3178,Elastra,0,closed,USA,CA,San Francisco,US-West,37.791137,-122.391843,2007-01-01,2011-01-28,4.073921971252567,software,1,0,0,0,0,14600000,2,2007-08-15,2008-08-05,0.6192,1.5945,0,0,2.0,8,
c:35402,RPO,0,closed,USA,CA,San Jose,US-West,37.404788,-121.940842,2005-01-01,2013-06-01,8.413415468856947,hardware,0,0,0,0,0,44000000,3,2006-01-24,2010-09-13,1.063,5.7014,0,0,4.5,0,
c:22856,Fotomoto,1,acquired,USA,CA,San Francisco,US-West,37.7795014,-122.3948712,2008-10-01,,2.647501711156742,ecommerce,0,0,0,0,0,1822922,3,2008-12-01,2011-05-26,0.1671,2.6493,0,1,2.3333,10,
c:1224,Peer39,1,acquired,USA,NY,New York,US-Northeast,40.755446,-73.980246,2006-03-01,,5.900068446269678,advertising,0,0,0,0,0,29915001,7,2006-03-01,2012-01-24,0.0,5.9041,1,1,2.75,18,
c:1234,Vitrue,1,acquired,USA,GA,Atlanta,US-South,33.756806,-84.392198,2006-05-01,,4.799452429842574,enterprise,0,0,0,1,0,33000000,4,2006-05-01,2011-02-17,0.0,4.8027,0,0,3.0,26,
c:149809,Trendslide,1,acquired,USA,NH,Manchester,US-Northeast,42.99564,-71.454789,2011-08-01,,0.5831622176591376,mobile,0,0,1,0,0,125000,2,2011-08-01,2012-03-01,0.0,0.5836,0,1,1.0,9,
c:13733,PublicEarth,0,closed,USA,CA,Menlo Park,US-West,40.01573320000001,-105.275027,2008-01-01,2011-02-15,3.1238877481177276,travel,0,0,0,0,0,4000000,2,2008-02-08,2010-05-21,0.1041,2.3863,1,0,1.0,7,
c:39106,Azaleos,1,acquired,USA,WA,Seattle,US-West,47.63609,-122.327028,2004-05-11,,3.488021902806297,enterprise,0,0,0,1,0,10000000,1,2007-11-06,2007-11-06,3.4904,3.4904,0,0,2.0,10,
c:5306,Efficient Frontier,1,acquired,USA,CA,Sunnyvale,US-West,37.4049731,-122.0323525,2002-01-01,,4.662559890485968,advertising,0,0,0,0,0,6000000,1,2006-08-31,2006-08-31,4.6658,4.6658,0,0,3.0,25,
c:16303,NetDevices,1,acquired,USA,CA,Sunnyvale,US-West,37.36883,-122.03635,2003-01-01,,2.622861054072553,software,1,0,0,0,0,25000000,1,2005-08-16,2005-08-16,2.6247,2.6247,0,0,5.0,4,
c:43188,Go Try It On,1,acquired,USA,NY,New York,US-Northeast,40.730646,-73.986614,2009-12-01,,2.951403148528405,fashion,0,0,0,0,0,3750000,3,2010-11-04,2012-11-13,0.926,2.9534,0,1,2.0,2,
c:33507,Performable,1,acquired,USA,MA,Cambridge,US-Northeast,42.3751,-71.105616,2009-10-17,,0.2464065708418891,software,1,0,0,0,0,3000000,1,2010-01-15,2010-01-15,0.2466,0.2466,0,0,1.0,9,
c:68157,Appstores.com,1,acquired,USA,CA,San Francisco,US-West,37.779281,-122.419236,2010-05-24,,1.1882272416153319,software,1,0,0,0,0,1155000,2,2010-08-01,2011-08-01,0.189,1.189,0,1,9.5,6,
c:2395,Fortify Software,1,acquired,USA,CA,San Mateo,US-West,37.560781,-122.284114,2002-10-01,,3.2060232717316905,software,1,0,0,0,0,10000000,1,2005-12-15,2005-12-15,3.2082,3.2082,0,0,2.0,11,
c:38220,iCurrent,1,acquired,USA,CA,South San Francisco,US-West,37.658313,-122.391032,2006-01-01,,2.5817932922655715,web,0,1,0,0,0,3000000,1,2008-08-01,2008-08-01,2.5836,2.5836,0,0,1.0,5,
c:49815,AisleBuyer,1,acquired,USA,MA,Boston,US-Northeast,42.360253,-71.058291,2009-01-01,,2.4449007529089664,mobile,0,0,1,0,0,11500000,2,2010-11-23,2011-06-13,1.8932,2.4466,0,0,1.0,4,
c:249,Indeed,1,acquired,USA,TX,Austin,US-South,30.321464,-97.75501,2004-11-01,,0.7474332648870636,web,0,1,0,0,0,5000000,1,2005-08-01,2005-08-01,0.7479,0.7479,0,0,3.0,12,
c:22027,Colubris Networks,1,acquired,USA,MA,Waltham,US-Northeast,42.37564,-71.2358,2000-01-01,,6.809034907597536,public_relations,0,0,0,0,0,29000000,2,2005-03-08,2006-10-23,5.1863,6.8137,1,0,5.0,9,
c:109,Mashery,1,acquired,USA,CA,San Francisco,US-West,37.7870842,-122.4038047,2006-05-01,,6.228610540725531,enterprise,0,0,0,1,0,34700000,6,2007-01-01,2012-07-23,0.6712,6.2329,1,1,5.0,37,
c:43948,Transparency Software,0,closed,USA,CA,Palo Alto,US-West,37.441537,-122.158332,2004-01-01,2009-01-01,5.002053388090349,software,1,0,0,0,0,12050000,2,2005-03-09,2007-07-01,1.1863,3.4986,1,0,2.0,0,
c:765,Viewdle,1,acquired,USA,CA,Palo Alto,US-West,37.445586,-122.161929,2006-01-01,,4.758384668035592,analytics,0,0,0,0,0,12000000,3,2008-03-01,2010-10-05,2.1644,4.7616,1,0,2.0,13,
c:19257,Enclarity,1,acquired,USA,CA,Aliso Viejo,US-West,33.5842816,-117.7306817,2005-02-01,,4.101300479123887,consulting,0,0,0,0,0,5500000,1,2009-03-10,2009-03-10,4.1041,4.1041,0,0,2.0,18,
c:25827,Virsto Software,1,acquired,USA,CA,Sunnyvale,US-West,37.402773,-122.052551,2007-07-01,,4.1505817932922655,software,1,0,0,0,0,24000000,3,2009-06-26,2011-08-25,1.989,4.1534,0,0,3.3333,10,
c:5932,Handmark,1,acquired,USA,MO,Kansas City,US-Midwest,39.103151,-94.581908,2000-07-01,,6.184804928131417,mobile,0,0,1,0,0,10000000,2,2005-09-12,2006-09-07,5.2027,6.189,0,0,4.5,6,
c:35157,Viacor,0,closed,USA,MA,Wilmington,US-Northeast,42.546483,-71.17366700000002,1999-12-01,2011-11-11,11.945242984257359,biotech,0,0,0,0,1,19009671,3,2002-09-12,2010-11-10,2.7836,10.9507,0,0,2.0,10,
c:8596,Carbonetworks,0,closed,USA,CA,San Francisco,US-West,37.805289,-122.404448,2005-01-01,2011-07-28,6.568104038329911,cleantech,0,0,0,0,0,5000000,1,2008-07-01,2008-07-01,3.4986,3.4986,0,0,1.0,6,
c:19861,SchemaLogic,1,acquired,USA,WA,Kirkland,US-West,47.675489,-122.191667,2001-01-01,,9.297741273100616,enterprise,0,0,0,1,0,18914576,5,2005-01-17,2010-04-20,4.0466,9.3041,1,0,3.0,2,
c:45114,Skyway Software,0,closed,USA,FL,Tampa,US-South,27.951849,-82.456397,2001-01-01,2012-10-01,11.748117727583846,software,1,0,0,0,0,4000000,1,2007-05-16,2007-05-16,6.3726,6.3726,1,0,3.0,0,
c:23533,CardStar,1,acquired,USA,MA,Boston,US-Northeast,42.360253,-71.058291,2008-12-01,,2.7816563997262147,software,1,0,0,0,0,2030882,3,2010-03-30,2011-09-13,1.3259999999999998,2.7836,0,0,3.0,5,
c:25325,Makani Power,1,acquired,USA,CA,Alameda,US-West,37.7831775,-122.3086191,2006-01-01,,2.642026009582478,cleantech,0,0,0,0,0,5000000,1,2008-08-23,2008-08-23,2.6438,2.6438,0,0,1.0,4,
c:8351,Myrio,0,closed,USA,WA,Bothell,US-West,47.765758,-122.184304,1999-12-01,2012-01-01,12.084873374401095,software,1,0,0,0,0,20500000,1,2001-01-01,2001-01-01,1.0877,1.0877,1,0,4.0,5,
c:10392,Intela,1,acquired,USA,CO,Boulder,US-West,40.730646,-73.986614,2006-02-02,,6.5160848733744015,advertising,0,0,0,0,0,13250000,2,2010-01-18,2012-08-09,3.9616,6.5205,1,0,2.0,4,
c:26128,Sana Security,1,acquired,USA,CA,San Mateo,US-West,37.54763,-122.307887,2000-01-01,,7.2498288843258045,security,0,0,0,0,0,12000000,1,2007-04-02,2007-04-02,7.2548,7.2548,0,0,2.0,7,
c:2808,Sportgenic,1,acquired,USA,CA,San Francisco,US-West,37.790485,-122.40094,2005-09-01,,3.02258726899384,advertising,0,0,0,0,0,11489687,3,2007-01-01,2008-09-09,1.3342,3.0247,0,1,3.3333,9,
c:10581,Lolapps,1,acquired,USA,CA,San Francisco,US-West,37.7870923,-122.3999719,2008-01-01,,0.6789869952087612,web,0,1,0,0,0,4000000,1,2008-09-05,2008-09-05,0.6795,0.6795,0,0,3.0,15,
c:190214,Behavio,1,acquired,USA,CA,Sunnyvale,US-West,37.3492097,-122.0326019,2012-06-12,,-0.030116358658453114,software,1,0,0,0,0,355000,1,2012-06-01,2012-06-01,-0.0301,-0.0301,0,1,1.0,3,
c:1674,Infinity Box,1,acquired,USA,FL,Tampa,US-South,28.098905,-82.400087,2006-01-01,,0.2464065708418891,web,0,1,0,0,0,118000,2,2006-01-01,2006-04-01,0.0,0.2466,0,1,1.5,10,
c:170,adBrite,1,acquired,USA,CA,San Francisco,US-West,37.779026,-122.40184,2003-01-01,2001-02-01,-1.9137577002053388,advertising,0,0,0,0,0,40400000,4,2004-09-01,2012-05-01,1.6685,9.337,0,0,1.6667,17,
c:27740,Texert,0,closed,USA,TX,Dallas,US-South,32.9583632,-96.8215658,2007-01-01,2008-07-14,1.5331964407939767,software,1,0,0,0,0,3000000,1,2008-10-21,2008-10-21,1.8055,1.8055,0,0,1.0,1,
c:46186,Mendocino Software,0,closed,USA,CA,Fremont,US-West,37.54827,-121.988572,2003-01-01,2008-02-07,5.100616016427105,software,1,0,0,0,0,19700000,2,2005-09-12,2007-01-01,2.6986,4.0027,1,0,4.0,2,
c:43162,QuikCycle,0,closed,USA,CA,Santa Clara,US-West,37.354469,-121.990433,1998-01-01,2011-01-01,12.999315537303216,software,1,0,0,0,0,17800000,2,2007-03-01,2007-03-12,9.1671,9.1973,1,0,1.0,0,
c:43233,Instagram,1,acquired,USA,CA,San Francisco,US-West,37.779281,-122.419236,2010-03-01,,2.0971937029431897,photo_video,0,0,0,0,0,57500000,3,2010-03-05,2012-04-05,0.011,2.0986,0,1,4.0,12,
c:1498,Motionbox,1,acquired,USA,NY,New York,US-Northeast,40.606061,-73.822331,2006-01-01,,3.0362765229295,games_video,0,0,0,0,0,17200000,3,2006-09-01,2009-01-14,0.6658,3.0384,0,0,2.6667,10,
c:31514,AccelGolf,0,closed,USA,MA,Cambridge,US-Northeast,42.3751,-71.105616,2008-08-01,2013-05-01,4.747433264887063,mobile,0,0,1,0,0,457282,7,2008-01-01,2009-12-04,-0.5836,1.3425,1,1,1.0,4,
c:58944,MoPub,1,acquired,USA,CA,San Francisco,US-West,37.779281,-122.419236,2010-09-09,,2.0314852840520192,mobile,0,0,1,0,0,18500000,4,2010-09-01,2012-09-20,-0.0219,2.0329,0,1,2.25,11,
c:40197,DNP Green Technology,0,closed,USA,NJ,Princeton,US-Northeast,40.349274,-74.659296,2008-01-01,2012-08-24,4.646132785763176,cleantech,0,0,0,0,0,12000000,1,2010-01-17,2010-01-17,2.0466,2.0466,0,0,6.0,2,
c:51023,Abound Solar,0,closed,USA,CO,Loveland,US-West,40.397761,-105.07498,2007-01-01,2012-11-01,5.834360027378508,cleantech,0,0,0,0,0,510000000,2,2010-07-06,2010-12-15,3.5123,3.9562,1,0,2.5,5,
c:13168,Trovix,1,acquired,USA,CA,Mountain View,US-West,37.420428,-122.090769,2002-01-01,,4.678986995208761,search,0,0,0,0,0,18250000,2,2005-12-07,2006-09-06,3.9342,4.6822,0,0,2.5,3,
c:649,Thumbplay,1,acquired,USA,NY,New York,US-Northeast,40.725435,-73.997395,2004-09-01,,5.634496919917864,music,0,0,0,0,0,41500019,4,2006-10-30,2010-04-21,2.1616,5.6384,0,0,4.0,13,
c:52694,Plethora Technology,0,closed,USA,WV,Kearneysville,US-South,39.388156,-77.885552,2000-01-01,2009-05-23,9.390828199863108,software,1,0,0,0,0,1000000,1,2005-06-09,2005-06-09,5.4411,5.4411,0,0,3.0,1,
c:3080,DailyStrength,1,acquired,USA,CA,Los Angeles,US-West,34.043948,-118.468204,2006-04-01,,1.1279945242984257,web,0,1,0,0,0,5000000,1,2007-05-18,2007-05-18,1.1288,1.1288,0,0,1.0,7,
c:28424,Danotek Motion Technologies,0,closed,USA,MI,Canton,US-Midwest,42.350749,-83.44458900000002,2001-01-01,2013-05-01,12.328542094455852,cleantech,0,0,0,0,0,42700000,3,2008-11-19,2011-08-30,7.8877,10.6658,1,0,3.6667,2,
c:280611,Yub,0,closed,USA,CA,Mountain View,US-West,37.388869,-122.072353,2013-01-01,2005-01-01,-8.0,ecommerce,0,0,0,0,0,12000000,1,2013-11-19,2013-11-19,0.8822,0.8822,1,0,9.0,7,
c:30537,SNAPin Software,1,acquired,USA,WA,Bellevue,US-West,47.614018,-122.19655,2003-01-01,,3.1019849418206706,software,1,0,0,0,0,22300000,2,2005-07-11,2006-02-07,2.526,3.1041,0,0,4.5,5,
c:14656,Azuro,1,acquired,USA,CA,Santa Clara,US-West,37.406217,-121.976473,2002-01-01,,7.865845311430527,semiconductor,0,0,0,0,0,10000000,2,2006-01-01,2009-11-13,4.0027,7.8712,1,0,4.0,5,
c:1766,ARPU,0,closed,USA,DC,Washington,US-South,37.09024,-95.712891,2005-05-01,2010-05-04,5.007529089664613,advertising,0,0,0,0,0,15564591,3,2006-07-01,2009-12-29,1.1671,4.6658,1,0,3.5,1,
c:16938,BookFresh,1,acquired,USA,CA,San Francisco,US-West,37.779281,-122.419236,2007-01-01,,2.5708418891170433,web,0,1,0,0,0,500000,1,2009-07-28,2009-07-28,2.5726,2.5726,0,1,5.0,7,
c:83265,Singly,1,acquired,USA,CA,San Francisco,US-West,37.779281,-122.419236,2010-12-21,,1.3388090349075976,analytics,0,0,0,0,0,8950000,2,2011-02-01,2012-04-23,0.1151,1.3397,0,0,7.0,24,
c:23136,TxVia,1,acquired,USA,NY,New York,US-Northeast,40.753881,-73.978852,2006-01-01,,4.815879534565366,finance,0,0,0,0,0,55350000,4,2007-10-01,2010-10-26,1.7479,4.8192,0,0,4.0,8,
c:54066,Blue Vector Systems,0,closed,USA,CA,Mountain View,US-West,37.406914,-122.09037,2002-01-01,2010-08-31,8.66255989048597,public_relations,0,0,0,0,0,4000000,1,2005-09-21,2005-09-21,3.7233,3.7233,0,0,3.0,1,
c:17219,Open Kernel Labs,1,acquired,USA,IL,Chicago,US-Midwest,41.878984,-87.637,2006-01-01,,6.510609171800137,software,1,0,0,0,0,10764323,5,2007-09-13,2012-07-06,1.6986,6.5151,1,0,2.0,3,
c:23234,Elanti Systems,0,closed,USA,NJ,Somerset,US-Northeast,40.535316,-74.521435,2007-01-01,2012-02-11,5.111567419575633,software,1,0,0,0,0,5500000,1,2008-05-29,2008-05-29,1.4082,1.4082,1,0,3.0,1,
c:70586,Astrid,1,acquired,USA,CA,San Francisco,US-West,37.779281,-122.419236,2008-01-01,,4.2819986310746065,social,0,0,0,0,0,400000,1,2012-04-13,2012-04-13,4.2849,4.2849,0,1,3.0,7,
c:26612,Nordic Windpower,0,closed,USA,CA,Berkeley,US-West,37.863464,-122.3153453,2007-01-01,2013-04-10,6.272416153319644,cleantech,0,0,0,0,0,54000000,3,2007-10-02,2010-01-05,0.7507,3.0137,1,0,2.6667,3,
c:57923,Visiprise,0,closed,USA,GA,Alpharetta,US-South,34.070958000000005,-84.274733,1985-01-01,2009-05-03,24.334017796030118,software,1,0,0,0,0,32000000,1,2005-10-17,2005-10-17,20.8055,20.8055,0,0,7.0,2,
c:58133,Hubspan,1,acquired,USA,WA,Seattle,US-West,39.78373,-100.445882,2000-01-01,,5.7850787132101305,software,1,0,0,0,0,13000000,1,2005-10-14,2005-10-14,5.789,5.789,0,0,4.0,1,
c:5587,iConclude,1,acquired,USA,WA,Bellevue,US-West,47.614422,-122.192337,2005-01-01,,1.270362765229295,software,1,0,0,0,0,12500000,3,2005-02-01,2006-04-10,0.0849,1.2712,1,0,2.3333,5,
c:38338,41st Parameter,1,acquired,USA,CA,San Jose,US-West,37.314002,-121.932365,2004-01-01,,8.276522929500342,security,0,0,0,0,0,38064570,4,2006-05-08,2012-04-11,2.3507,8.2822,1,0,3.0,16,
c:4622,Aardvark,1,acquired,USA,CA,San Francisco,US-West,37.748676,-122.415813,2007-07-01,2011-09-01,4.16974674880219,web,0,1,0,0,0,6000000,2,2007-01-01,2008-10-01,-0.4959,1.2548,0,1,4.0,21,
c:202,Hotelicopter,0,closed,USA,VA,Charlottesville,US-South,38.030823,-78.48158000000002,2006-06-01,2012-08-01,6.168377823408624,web,0,1,0,0,0,5000000,2,2008-11-17,2011-03-31,2.4658,4.8329,0,0,1.0,4,
c:15652,Anystream,1,acquired,USA,VA,Dulles,US-South,39.035298,-77.430125,2000-01-01,,7.101984941820671,software,1,0,0,0,0,59000000,3,2000-01-01,2007-02-07,0.0,7.1068,1,0,2.0,9,
c:144825,CakeStyle,0,closed,USA,IL,Chicago,US-Midwest,39.78373,-100.445882,2011-08-01,2013-08-01,2.001368925393566,web,0,1,0,0,0,1000000,1,2012-08-13,2012-08-13,1.0356,1.0356,0,1,1.0,2,
c:9772,Fluther,1,acquired,USA,CA,San Francisco,US-West,37.758062,-122.418642,2007-01-01,,2.7214236824093088,web,0,1,0,0,0,600000,1,2009-09-21,2009-09-21,2.7233,2.7233,0,1,7.0,5,
c:19101,Pocket Communications Northeast,0,closed,USA,CT,Bloomfield,US-Northeast,41.85361500000001,-72.70375,2006-01-01,2012-01-01,5.9986310746064335,mobile,0,0,1,0,0,125000000,2,2008-11-01,2009-02-20,2.8356,3.1397,0,0,2.0,0,
c:1612,Goodreads,1,acquired,USA,CA,Santa Monica,US-West,34.01052,-118.495981,2007-01-15,,2.8993839835728954,web,0,1,0,0,0,2750000,2,2007-11-01,2009-12-09,0.7945,2.9014,0,1,4.0,11,
c:17620,Woven Systems,1,acquired,USA,CA,Santa Clara,US-West,37.3821368,-121.970505,2003-01-01,,4.731006160164271,network_hosting,0,0,0,0,0,30000000,2,2005-12-01,2007-09-25,2.9178,4.7342,0,0,2.5,1,
c:43873,Kolorific,0,closed,USA,CA,Milpitas,US-West,37.433646,-121.886704,2003-01-01,2012-07-07,9.514031485284052,semiconductor,0,0,0,0,0,7000000,1,2007-01-05,2007-01-05,4.0137,4.0137,0,0,1.0,0,
c:3986,Krugle,1,acquired,USA,CA,Menlo Park,US-West,37.45604,-122.165399,2006-01-01,,0.4106776180698152,search,0,0,0,0,0,6100000,1,2006-05-31,2006-05-31,0.411,0.411,0,0,4.0,10,
c:61592,Flud,0,closed,USA,CA,San Diego,US-West,32.721834,-117.161797,2010-10-01,2013-08-08,2.8528405201916494,enterprise,0,0,0,1,0,2100000,3,2011-04-13,2012-09-01,0.5315,1.9205,1,1,4.0,12,
c:35236,Chomp,1,acquired,USA,CA,San Francisco,US-West,37.779281,-122.419236,2009-09-09,,0.5010266940451745,mobile,0,0,1,0,0,2565000,2,2009-11-01,2010-03-11,0.1452,0.5014,0,1,3.5,10,
c:31968,Origen Therapeutics,0,closed,USA,CA,Burlingame,US-West,37.584103000000006,-122.366082,1997-01-01,2012-08-03,15.586584531143053,biotech,0,0,0,0,1,2000000,1,2007-10-03,2007-10-03,10.7589,10.7589,0,0,1.0,0,
c:27620,Inlet Technologies,1,acquired,USA,NC,Raleigh,US-South,35.76524000000001,-78.731161,2003-01-01,,5.686516084873374,network_hosting,0,0,0,0,0,22400000,3,2005-07-26,2008-09-08,2.5671,5.6904,1,0,3.6667,3,
c:9816,ShopWiki,1,acquired,USA,NY,New York,US-Northeast,40.740441,-73.993376,2005-06-01,,1.08145106091718,ecommerce,0,0,0,0,0,6250000,1,2006-07-01,2006-07-01,1.0822,1.0822,0,0,1.0,12,
c:52566,Fondu,1,acquired,USA,NY,New York,US-Northeast,40.750519,-73.993494,2010-02-01,,1.7467488021902806,web,0,1,0,0,0,575000,1,2011-11-01,2011-11-01,1.7479,1.7479,0,1,6.0,4,
c:49236,Loudcaster,0,closed,USA,MA,Somerville,US-Northeast,42.387597,-71.099497,2009-08-01,2012-01-01,2.4175222450376452,web,0,1,0,0,0,53000,2,2009-08-01,2010-03-01,0.0,0.5808,0,1,1.0,1,
c:2234,TwoFish,1,acquired,USA,CA,Redwood City,US-West,37.522281,-122.258139,2006-01-01,,2.7734428473648185,ecommerce,0,0,0,0,0,9500000,2,2006-12-01,2008-10-10,0.9151,2.7753,0,0,2.5,6,
c:3505,Workstreamer,0,closed,USA,TX,Austin,US-South,40.694599,-73.990638,2009-10-01,2013-06-01,3.6659822039698837,enterprise,0,0,0,1,0,3500000,2,2009-01-01,2010-07-27,-0.7479,0.8192,0,1,1.0,7,
c:56989,Qwiki,1,acquired,USA,NY,New York,US-Northeast,40.729839,-73.991781,2009-10-01,,1.4948665297741273,photo_video,0,0,0,0,0,10500000,3,2010-07-10,2011-03-31,0.7726,1.4959,1,0,6.3333,14,
c:28482,Redwood Systems,1,acquired,USA,CA,Fremont,US-West,37.54827,-121.988572,2008-01-01,,4.4106776180698155,cleantech,0,0,0,0,0,34250000,4,2008-10-03,2012-05-30,0.7562,4.4137,1,0,2.25,14,
c:40324,Artisan Pharma,1,acquired,USA,MA,Waltham,US-Northeast,42.37564,-71.2358,2006-01-01,,4.547570157426421,biotech,0,0,0,0,1,85381111,5,2006-09-06,2010-07-20,0.6795,4.5507,0,0,4.6667,2,
c:1595,Bill Me Later,1,acquired,USA,MD,Timonium,US-South,39.436844,-76.61870400000002,2000-01-01,,7.915126625598905,web,0,1,0,0,0,100000000,3,2006-03-01,2007-12-01,6.1671,7.9205,1,0,2.5,6,
c:31294,Bueda,0,closed,USA,PA,Pittsburgh,US-Northeast,40.441694,-79.990086,2009-01-04,2013-06-01,4.405201916495551,advertising,0,0,0,0,0,125000,2,2008-01-01,2010-07-01,-1.011,1.4877,1,1,1.0,3,
c:43875,Defywire,0,closed,USA,VA,Reston,US-South,38.958402,-77.357974,2003-01-01,2008-05-01,5.330595482546201,mobile,0,0,1,0,0,10600000,2,2005-04-26,2007-03-27,2.3178,4.2356,1,0,3.0,2,
c:16562,Silicon Clocks,1,acquired,USA,CA,Fremont,US-West,37.554214,-121.977451,2004-01-01,,5.434633812457221,semiconductor,0,0,0,0,0,26100000,3,2006-06-02,2009-06-08,2.4192,5.4384,1,0,3.5,2,
c:18075,TheMarkets,1,acquired,USA,NY,New York,US-Northeast,40.762674,-73.9821315,2000-01-01,,7.526351813826146,web,0,1,0,0,0,30000000,1,2007-07-12,2007-07-12,7.5315,7.5315,1,0,5.0,2,
c:86120,Netgamix Inc,0,closed,USA,IL,Chicago,US-Midwest,41.875555,-87.624421,2010-09-24,2012-04-03,1.5249828884325805,games_video,0,0,0,0,0,132885,3,2011-10-15,2012-07-01,1.0575,1.7699,0,1,1.0,6,
c:12173,Sentrigo,1,acquired,USA,CA,Santa Clara,US-West,37.55911,-122.303493,2006-10-01,,4.2217659137577,software,1,0,0,0,0,9500000,3,2007-05-08,2010-12-21,0.6,4.2247,0,0,2.0,9,
c:44650,Netli,1,acquired,USA,CA,Palo Alto,US-West,37.440682,-122.123103,2000-01-01,,6.119096509240246,network_hosting,0,0,0,0,0,18000000,1,2006-02-13,2006-02-13,6.1233,6.1233,1,0,7.0,9,
c:70021,Define My Style,0,closed,USA,OH,Cincinnati,US-Midwest,39.099909,-84.504243,2010-02-01,2012-01-01,1.9137577002053388,web,0,1,0,0,0,690000,1,2011-12-02,2011-12-02,1.8329,1.8329,0,1,3.0,4,
c:17660,Firethorn,1,acquired,USA,GA,Atlanta,US-South,33.749099,-84.390185,2001-01-01,,6.0013689253935665,mobile,0,0,1,0,0,25131611,3,2006-03-01,2007-01-02,5.1644,6.0055,1,0,1.0,1,
c:51745,Wellcore,0,closed,USA,CA,San Jose,US-West,37.404788,-121.940842,2007-01-01,2013-07-01,6.496919917864476,hardware,0,0,0,0,0,2000000,1,2010-07-12,2010-07-12,3.5288,3.5288,0,0,1.0,1,
c:25324,Taligen Therapeutics,1,acquired,USA,MA,Cambridge,US-Northeast,42.3634664,-71.07866379999999,2004-01-01,,6.6420260095824775,biotech,0,0,0,0,1,78750000,3,2005-08-01,2010-08-23,1.5836,6.6466,0,0,3.5,4,
c:77,Adap.tv,1,acquired,USA,CA,San Mateo,US-West,37.551441,-122.291435,2006-11-01,,4.402464065708419,advertising,0,0,0,0,0,48500000,5,2007-02-01,2011-03-28,0.2521,4.4055,1,1,2.5,27,
c:1895,Current Media,0,closed,USA,CA,San Francisco,US-West,37.77951820000001,-122.3902619,2005-01-01,2013-08-20,8.632443531827516,network_hosting,0,0,0,0,0,15000000,1,2005-07-29,2005-07-29,0.5726,0.5726,0,0,3.0,12,
c:16593,ParAccel,1,acquired,USA,CA,Campbell,US-West,37.31665260000001,-122.05074,2007-01-01,,5.314168377823409,analytics,0,0,0,0,0,74000000,5,2007-12-10,2012-04-25,0.9397,5.3178,1,0,5.3333,13,
c:16289,Arch Rock Corporation,1,acquired,USA,CA,San Francisco,US-West,37.783171,-122.392901,2005-01-01,,2.329911019849418,software,1,0,0,0,0,15000000,2,2005-10-01,2007-05-02,0.7479,2.3315,0,0,3.0,6,
c:575,SpiralFrog,0,closed,USA,NY,New York,US-Northeast,37.09024,-95.712891,2004-01-01,2009-03-20,5.215605749486653,games_video,0,0,0,0,0,45000000,3,2006-01-01,2007-12-01,2.0027,3.9178,0,0,1.0,8,
c:15562,Plusmo,1,acquired,USA,CA,Santa Clara,US-West,37.400367,-121.985711,2006-06-01,,1.9164955509924708,mobile,0,0,1,0,0,4410000,1,2008-05-01,2008-05-01,1.9178,1.9178,0,0,1.0,4,
c:62432,ZipList,1,acquired,USA,VA,Sterling,US-South,39.001619,-77.403201,2010-01-01,,0.8952772073921971,web,0,1,0,0,0,4500000,2,2010-01-01,2010-11-24,0.0,0.8959,0,0,2.0,9,
c:8100,Involver,1,acquired,USA,CA,San Francisco,US-West,37.788653,-122.401333,2007-01-01,,3.783709787816564,software,1,0,0,0,0,11040000,3,2008-09-02,2010-10-14,1.6712,3.7863,0,0,2.5,11,
c:62262,Lionside,1,acquired,USA,CA,San Francisco,US-West,37.779281,-122.419236,2009-01-01,,1.8809034907597535,games_video,0,0,0,0,0,1600000,1,2010-11-19,2010-11-19,1.8822,1.8822,0,0,3.0,6,
c:3686,Game Trust,1,acquired,USA,NY,New York,US-Northeast,40.73901,-73.997259,2002-01-01,,3.871321013004791,software,1,0,0,0,0,9000000,2,2005-06-01,2005-11-15,3.4164,3.874,1,0,4.0,3,
c:82805,Nearbuy Systems,1,acquired,USA,CA,San Mateo,US-West,37.548418700000006,-122.3151646,2010-04-01,,2.647501711156742,analytics,0,0,0,0,0,3282327,3,2011-07-21,2012-11-23,1.3041,2.6493,1,0,2.0,4,
c:196,Visible Path,1,acquired,USA,CA,Foster City,US-West,37.55818,-122.276454,2002-01-01,,4.161533196440794,web,0,1,0,0,0,24700000,2,2006-03-01,2006-03-01,4.1644,4.1644,0,0,4.0,5,
c:28114,VT Silicon,0,closed,USA,GA,Atlanta,US-South,33.774486,-84.385448,2002-01-01,2010-09-20,8.71731690622861,semiconductor,0,0,0,0,0,8800000,2,2007-09-12,2008-11-19,5.6986,6.8877,1,0,1.0,2,
c:13277,GetBack,0,closed,USA,CA,Los Angeles,US-West,34.03423370000001,-118.4536137,2007-09-01,2010-11-22,3.2251882272416155,web,0,1,0,0,0,1700000,1,2008-11-06,2008-11-06,1.1836,1.1836,0,0,1.0,1,
c:63217,Slipstream,0,closed,USA,CA,Oakland,US-West,37.835676,-122.263548,2010-06-01,2013-05-01,2.915811088295688,web,0,1,0,0,0,20000,1,2010-08-31,2010-08-31,0.2493,0.2493,0,1,1.0,1,
c:2534,HipLogic,1,acquired,USA,CA,Fremont,US-West,37.5541073,-121.9756765,2005-01-01,,4.917180013689254,mobile,0,0,1,0,0,11500000,2,2008-02-08,2009-12-02,3.1041,4.9205,0,0,2.5,10,
c:5264,Dilithium Networks,0,closed,USA,CA,Petaluma,US-West,38.279431,-122.668452,2001-01-01,2012-10-01,11.748117727583846,mobile,0,0,1,0,0,98170000,7,2003-04-23,2010-06-03,2.3068,9.4247,1,0,5.2,12,
c:58512,Yobongo,1,acquired,USA,CA,San Francisco,US-West,37.7824533,-122.3879489,2010-01-01,,1.2210814510609171,web,0,1,0,0,0,1350000,1,2011-03-23,2011-03-23,1.2219,1.2219,0,1,10.0,2,
c:12957,Brickfish,1,acquired,USA,IL,Chicago,US-Midwest,41.8851542,-87.62231829999998,2005-11-01,,4.70362765229295,software,1,0,0,0,0,940261,1,2010-07-16,2010-07-16,4.7068,4.7068,0,0,1.0,17,
c:34499,MyEnergy,1,acquired,USA,MA,Boston,US-Northeast,42.360253,-71.058291,2007-06-04,,3.668720054757016,web,0,1,0,0,0,4000000,2,2009-02-01,2011-02-03,1.6658,3.6712,0,1,3.0,12,
c:34028,LikeList,0,closed,USA,CA,Sunnyvale,US-West,37.36883,-122.03635,2008-01-01,2012-12-06,4.930869267624915,web,0,1,0,0,0,5000000,1,2009-12-15,2009-12-15,1.9562,1.9562,0,0,1.0,5,
c:23335,Social Collective,0,closed,USA,VA,Arlington,US-South,38.881717,-77.089398,2009-04-17,2012-03-06,2.8856947296372346,web,0,1,0,0,0,20000,1,2009-04-18,2009-04-18,0.0027,0.0027,0,1,1.0,3,
c:30526,Pure Networks,1,acquired,USA,WA,Seattle,US-West,47.60732,-122.335746,2002-01-01,,4.027378507871321,network_hosting,0,0,0,0,0,12500000,1,2006-01-11,2006-01-11,4.0301,4.0301,0,0,3.0,5,
c:42519,Internet Pawn,0,closed,USA,CO,Centennial,US-West,39.568064,-104.977831,2009-01-01,2013-03-01,4.161533196440794,finance,0,0,0,0,0,7228704,5,2010-05-05,2013-08-27,1.3397,4.6548,1,0,2.0,0,
c:48376,NeuroTherapeutics Pharma,0,closed,USA,IL,Chicago,US-Midwest,41.940611,-87.835972,2006-01-01,2013-06-01,7.41409993155373,biotech,0,0,0,0,1,55000000,2,2010-05-20,2011-12-15,4.3836,5.9562,1,0,4.0,5,
c:15693,Provade,1,acquired,USA,CA,San Mateo,US-West,37.560155,-122.285588,2004-01-01,,6.609171800136893,enterprise,0,0,0,1,0,15180000,4,2006-01-23,2010-08-11,2.063,6.6137,1,0,1.0,5,
c:47587,Infineta Systems,0,closed,USA,CA,San Jose,US-West,37.404788,-121.940842,2008-01-01,2012-01-01,4.0,software,1,0,0,0,0,30000000,2,2010-05-07,2011-06-06,2.3479,3.4301,0,0,2.5,4,
c:1669,Challenge Games,1,acquired,USA,TX,Austin,US-South,30.268236,-97.740651,2006-01-01,,2.6666666666666665,network_hosting,0,0,0,0,0,14500000,2,2008-07-10,2008-09-01,2.5233,2.6685,0,0,1.5,11,
c:421,Crowd Factory,1,acquired,USA,CA,San Francisco,US-West,37.758229,-122.439512,2009-01-01,,2.0670773442847366,advertising,0,0,0,0,0,6500000,1,2011-01-26,2011-01-26,2.0685,2.0685,1,0,3.0,6,
c:155621,Friendsignia,0,closed,USA,TN,Memphis,US-South,35.149021999999995,-90.05162800000002,2012-01-29,2013-06-01,1.3388090349075976,web,0,1,0,0,0,15000,1,2012-01-29,2012-01-29,0.0,0.0,0,1,1.0,2,
c:40782,Vizibility,1,acquired,USA,NY,New York,US-Northeast,40.730646,-73.986614,2009-07-01,,3.6030116358658453,mobile,0,0,1,0,0,4705910,5,2010-03-24,2013-02-06,0.7288,3.6055,1,1,3.0,5,
c:51306,OpenFeint,1,acquired,USA,CA,Burlingame,US-West,37.5783263,-122.3485679,2008-01-01,,2.8035592060232717,games_video,0,0,0,0,0,3000000,1,2010-10-21,2010-10-21,2.8055,2.8055,1,0,1.0,6,
c:1088,Tumblr,1,acquired,USA,NY,New York,US-Northeast,40.743808,-73.983626,2007-02-01,,4.914442162902122,web,0,1,0,0,0,125250000,6,2007-10-31,2012-01-01,0.7452,4.9178,1,0,3.5,30,
c:34522,Hotlist,0,closed,USA,NY,New York,US-Northeast,40.730646,-73.986614,2008-01-01,2013-05-01,5.330595482546201,social,0,0,0,0,0,1449998,4,2008-05-01,2012-01-01,0.3315,4.0027,1,1,1.0,8,
c:83692,Crashlytics,1,acquired,USA,MA,Cambridge,US-Northeast,42.3751,-71.105616,2011-02-01,,1.1882272416153319,mobile,0,0,1,0,0,6000000,2,2011-10-13,2012-04-10,0.6959,1.189,0,1,6.0,5,
c:43831,BridgePoint Medical,1,acquired,USA,MN,Plymouth,US-Midwest,45.006515,-93.46651,2005-01-01,,6.225872689938399,medical,0,0,0,0,0,28200000,3,2007-01-23,2011-03-25,2.0603,6.2301,1,0,3.0,7,
c:28428,Recurve,1,acquired,USA,CA,San Francisco,US-West,37.777741,-122.412198,2005-08-01,,4.876112251882272,software,1,0,0,0,0,14000000,2,2008-09-23,2010-06-17,3.1479,4.8795,1,0,2.0,5,
c:17974,Conformity,0,closed,USA,TX,Austin,US-South,30.35504,-97.801083,2007-07-01,2009-01-01,1.5058179329226558,enterprise,0,0,0,1,0,3000000,1,2009-01-28,2009-01-28,1.5808,1.5808,0,0,1.0,14,
c:81475,Moprise,0,closed,USA,WA,Seattle,US-West,39.78373,-100.445882,2010-01-01,2013-07-01,3.4962354551676933,enterprise,0,0,0,1,0,2238055,2,2011-07-08,2011-10-07,1.5151,1.7644,1,1,1.0,6,
c:76543,Plizy,0,closed,USA,CA,San Francisco,US-West,37.779281,-122.419236,2010-09-01,2013-06-01,2.74880219028063,photo_video,0,0,0,0,0,5200000,2,2011-05-19,2012-12-13,0.7123,2.2849,1,0,1.0,5,
c:84161,ShopRunner,1,acquired,USA,PA,Conshohocken,US-Northeast,40.0708709,-75.302716,2010-01-01,,3.6303901437371664,ecommerce,0,0,0,0,0,75000000,1,2013-08-19,2013-08-19,3.6329,3.6329,1,0,1.0,4,
c:810,RatePoint,0,closed,USA,MA,Needham,US-Northeast,42.296111,-71.238524,2006-09-01,2012-02-02,5.420944558521561,software,1,0,0,0,0,24500000,4,2007-01-29,2010-08-20,0.411,3.9699,0,0,2.5,13,
c:16488,Digital Performance,0,closed,USA,CA,Newport Beach,US-West,33.63776,-117.855989,2002-01-01,2012-10-01,10.74880219028063,advertising,0,0,0,0,0,4476171,3,2006-11-27,2010-02-05,4.9068,8.1014,1,0,2.0,3,
c:11042,Gowalla,1,acquired,USA,TX,Austin,US-South,30.2729209,-97.7443863,2007-08-28,,2.4202600958247777,web,0,1,0,0,0,10400001,3,2008-02-27,2010-01-28,0.5014,2.4219,0,0,6.0,21,
c:17633,Copan Systems,1,acquired,USA,CO,Longmont,US-West,40.138979,-105.124465,2002-01-01,,7.129363449691992,network_hosting,0,0,0,0,0,68400000,3,2006-03-08,2009-02-17,4.1836,7.1342,1,0,6.5,8,
c:3187,Replay Solutions,1,acquired,USA,CA,Redwood City,US-West,37.512318,-122.20091399999998,2004-01-01,,4.629705681040384,software,1,0,0,0,0,15200000,2,2006-12-05,2008-08-18,2.9288,4.6329,0,0,2.0,13,
c:164922,Turf Geography Club,0,closed,USA,NY,New York,US-Northeast,40.728425,-73.999882,2011-01-01,2013-02-01,2.086242299794661,mobile,0,0,1,0,0,890000,2,2011-08-15,2012-08-02,0.6192,1.5863,0,1,3.0,2,
c:81886,skyrockit,0,closed,USA,CA,San Francisco,US-West,37.779281,-122.419236,2001-01-01,2012-04-01,11.247091033538672,mobile,0,0,1,0,0,2600000,1,2011-07-12,2011-07-12,10.5315,10.5315,1,0,1.0,0,
c:54585,Cartavi,1,acquired,USA,IL,Naperville,US-Midwest,41.800255,-88.149362,2009-01-01,,3.865845311430527,enterprise,0,0,0,1,0,1226270,1,2012-11-13,2012-11-13,3.8685,3.8685,0,1,1.0,7,
c:11507,Cramster,1,acquired,USA,CA,Pasadena,US-West,34.147047,-118.148896,2002-01-01,,8.281998631074606,web,0,1,0,0,0,9000000,2,2008-09-25,2010-04-14,6.737,8.2877,0,0,1.0,5,
c:24860,Certify Data Systems,1,acquired,USA,CA,San Jose,US-West,37.317847,-121.948469,2004-01-01,,8.123203285420944,enterprise,0,0,0,1,0,7210210,4,2008-08-25,2012-02-15,4.6521,8.1288,1,0,1.0,4,
c:148750,Wheelz,1,acquired,USA,CA,San Francisco,US-West,37.779281,-122.419236,2011-01-01,,1.1416837782340863,automotive,0,0,0,0,0,15700000,2,2011-09-28,2012-02-22,0.7397,1.1425,0,0,3.0,15,
c:45611,CentrePath,1,acquired,USA,MA,Waltham,US-Northeast,42.37564,-71.2358,2000-01-01,,6.310746064339494,software,1,0,0,0,0,15050000,2,2005-09-06,2006-04-24,5.6849,6.3151,1,0,2.5,4,
c:4106,VoxPop Network Corporation,1,acquired,USA,CA,San Francisco,US-West,37.8093381,-122.4166061,2006-08-01,,2.74880219028063,games_video,0,0,0,0,0,3500000,2,2007-05-01,2009-05-01,0.7479,2.7507,0,0,3.0,5,
c:17775,OpVista,0,closed,USA,CA,Milpitas,US-West,37.43841079999999,-121.9240273,2000-01-01,2009-08-01,9.582477754962355,software,1,0,0,0,0,43000000,2,2006-06-22,2007-05-07,6.4767,7.3507,0,0,1.0,2,
c:144,Metaweb Technologies,1,acquired,USA,CA,San Francisco,US-West,37.775196,-122.419204,2005-01-01,,3.0362765229295,web,0,1,0,0,0,57000000,2,2006-03-01,2008-01-15,1.1616,3.0384,0,0,3.5,7,
c:13046,DocVerse,1,acquired,USA,CA,San Francisco,US-West,37.78811500000001,-122.397141,2007-09-01,,0.892539356605065,web,0,1,0,0,0,1300000,1,2008-07-23,2008-07-23,0.8932,0.8932,0,1,4.0,8,
c:40,Veoh,1,acquired,USA,CA,San Diego,US-West,32.902266,-117.20834,2004-01-01,,4.421629021218344,games_video,0,0,0,0,0,69750000,4,2005-07-01,2008-06-03,1.4986,4.4247,0,0,5.0,15,
c:26460,BzzAgent,1,acquired,USA,MA,Boston,US-Northeast,42.341899,-71.065924,2001-01-01,,4.999315537303217,advertising,0,0,0,0,0,14500000,2,2004-01-01,2006-01-01,3.0,5.0027,0,1,2.0,16,
c:15887,Hammerhead Systems,0,closed,USA,CA,Mountain View,US-West,37.40006,-122.049689,2002-01-01,2009-03-23,7.222450376454483,hardware,0,0,0,0,0,48000000,2,2006-01-31,2007-08-01,4.0849,5.5836,0,0,6.0,2,
c:36742,ThermalTherapeuticSystems,0,closed,USA,PA,Pittsburgh,US-Northeast,40.418851,-79.904163,2006-06-01,2013-03-13,6.781656399726215,medical,0,0,0,0,0,3508462,2,2009-12-01,2011-11-09,3.5041,5.4438,1,0,3.0,3,
c:3962,GuardianEdge Technologies,1,acquired,USA,CA,San Mateo,US-West,37.778613,-122.395289,2002-01-01,,5.555099247091033,software,1,0,0,0,0,19500000,3,2005-06-06,2007-07-23,3.4301,5.5589,0,0,3.3333,10,
c:162116,Gradient X,1,acquired,USA,CA,Santa Monica,US-West,34.019657,-118.487549,2012-01-01,,0.4681724845995893,mobile,0,0,1,0,0,3750000,1,2012-06-20,2012-06-20,0.4685,0.4685,0,0,9.0,5,
c:55044,ezzai - how to arabia,0,closed,USA,IL,Warrenville,US-Midwest,41.817807,-88.173402,2010-08-01,2011-08-01,0.999315537303217,web,0,1,0,0,0,45000000,1,2010-08-01,2010-08-01,0.0,0.0,0,0,2.0,1,
c:7207,rPath,0,closed,USA,NC,Raleigh,US-South,35.79181,-78.74123,2005-04-01,2013-05-01,8.082135523613964,enterprise,0,0,0,1,0,32500000,4,2006-01-24,2010-10-22,0.8164,5.5616,0,0,2.75,8,
c:863,Boomi,1,acquired,USA,PA,Berwyn,US-Northeast,40.063476,-75.457492,2000-03-01,,8.334017796030116,enterprise,0,0,0,1,0,4900000,2,2002-01-01,2008-07-01,1.8384,8.3397,0,1,1.5,4,
c:16066,VoloMedia,0,closed,USA,CA,Sunnyvale,US-West,37.382376,-122.037607,2005-01-01,2011-02-03,6.0889801505817935,advertising,0,0,0,0,0,12000000,2,2007-04-20,2008-03-18,2.2986,3.2110000000000003,0,0,2.0,4,
c:220,Flixster,1,acquired,USA,CA,San Francisco,US-West,37.76690900000001,-122.406676,2006-01-20,,2.2039698836413417,web,0,1,0,0,0,7175000,3,2006-02-01,2008-04-04,0.0329,2.2055,0,1,2.6667,12,
c:54,Wesabe,0,closed,USA,CA,San Francisco,US-West,37.793148,-122.402567,2005-12-01,2010-06-30,4.577686516084873,web,0,1,0,0,0,4700000,2,2007-02-01,2007-06-01,1.1699,1.4986,0,1,1.5,3,
c:9730,OfferLounge,0,closed,USA,CA,Morgan Hill,US-West,26.0524615,-80.1378809,2008-01-01,2010-05-01,2.329911019849418,public_relations,0,0,0,0,0,120000,1,2008-01-01,2008-01-01,0.0,0.0,0,1,2.0,3,
c:3122,NeoEdge Networks,1,acquired,USA,CA,Mountain View,US-West,37.393679,-122.079017,2002-05-02,,8.635181382614647,advertising,0,0,0,0,0,10000000,3,2007-06-08,2010-12-20,5.1041,8.6411,1,0,1.6667,10,
c:36579,SemiSouth Laboratories,0,closed,USA,TX,Austin,US-South,30.435079,-97.770139,2000-07-01,2013-06-01,12.917180013689254,semiconductor,0,0,0,0,0,39000000,4,2005-06-14,2010-10-22,4.9562,10.3151,1,0,3.0,0,
c:43327,Camiant,1,acquired,USA,MA,Marlborough,US-Northeast,42.345927,-71.55228699999998,2003-01-01,,4.027378507871321,software,1,0,0,0,0,16100000,2,2005-03-29,2007-01-11,2.2411,4.0301,0,0,2.5,3,
c:1789,NuConomy,1,acquired,USA,CA,San Francisco,US-West,37.795191,-122.430411,2006-01-01,,2.083504449007529,advertising,0,0,0,0,0,3300000,2,2007-04-01,2008-02-01,1.2466,2.0849,0,1,2.0,4,
c:38339,Flowtown,1,acquired,USA,CA,San Francisco,US-West,37.779281,-122.419236,2009-02-01,,1.5605749486652978,analytics,0,0,0,0,0,750000,1,2010-08-25,2010-08-25,1.5616,1.5616,0,1,9.0,6,
c:13410,GlobalCrypto,0,closed,USA,GA,Atlanta,US-South,33.776834,-84.3895875,2006-06-01,2012-07-06,6.09719370294319,software,1,0,0,0,0,1000000,2,2008-11-11,2008-11-11,2.4493,2.4493,1,1,2.0,0,
c:43915,Bioenvision,0,closed,USA,NY,New York,US-Northeast,40.730646,-73.986614,1996-01-01,2009-08-13,13.61533196440794,biotech,0,0,0,0,1,7410000,1,2007-04-30,2007-04-30,11.3342,11.3342,1,0,3.0,3,
c:37712,Teranetics,1,acquired,USA,CA,San Jose,US-West,37.404788,-121.940842,2000-01-01,,10.401095140314853,semiconductor,0,0,0,0,0,52800000,3,2006-11-21,2010-05-27,6.8932,10.4082,1,0,5.3333,5,
c:3288,WebVisible,0,closed,USA,CA,Playa Vista,US-West,33.97279,-118.427578,2001-01-01,2011-10-01,10.746064339493497,software,1,0,0,0,0,37000000,3,2005-09-01,2010-02-11,4.6685,9.1178,0,0,1.3333,33,
c:10179,GoodGuide,1,acquired,USA,CA,San Francisco,US-West,37.7983181,-122.4000032,2007-12-01,,3.7344284736481863,web,0,1,0,0,0,14229998,3,2009-01-19,2011-08-26,1.137,3.737,0,0,3.0,14,
c:33869,ViVu,1,acquired,USA,CA,Cupertino,US-West,37.320309,-122.05004,2009-01-01,,2.433949349760438,messaging,0,0,0,0,0,3000000,2,2009-09-21,2011-06-09,0.7205,2.4356,0,0,2.5,7,
c:21528,avVenta,1,acquired,USA,NY,New York,US-Northeast,40.730646,-73.986614,2005-01-01,,4.035592060232717,advertising,0,0,0,0,0,20000000,1,2009-01-14,2009-01-14,4.0384,4.0384,0,0,1.0,10,
c:30820,DiJiPOP,1,acquired,USA,RI,Providence,US-Northeast,51.43247,-2.664213,2008-11-01,,2.0944558521560577,advertising,0,0,0,0,0,2000000,2,2009-08-01,2010-12-06,0.7479,2.0959,0,1,1.5,6,
c:25782,Layer 7 Technologies,1,acquired,USA,DC,Washington,US-South,38.897976,-77.028561,2003-01-01,,6.0889801505817935,software,1,0,0,0,0,19900000,2,2006-10-26,2009-02-02,3.8192,6.0932,1,0,2.0,3,
c:278,DeliveryEdge,0,closed,USA,CA,San Francisco,US-West,37.781689,-122.391061,2006-09-01,2009-04-01,2.5817932922655715,ecommerce,0,0,0,0,0,1500000,1,2007-12-01,2007-12-01,1.2493,1.2493,0,0,1.0,6,
c:75500,Solmentum,0,closed,USA,CA,San Francisco,US-West,37.779281,-122.419236,2009-07-01,2011-11-09,2.3572895277207393,cleantech,0,0,0,0,0,325000,1,2009-07-01,2009-07-01,0.0,0.0,0,1,4.0,4,
c:67806,Pipewise,0,closed,USA,CA,San Francisco,US-West,37.787249,-122.3990501,2010-09-01,2012-10-01,2.083504449007529,enterprise,0,0,0,1,0,3500000,1,2011-02-17,2011-02-17,0.463,0.463,0,0,5.0,16,
c:1212,GridNetworks,0,closed,USA,WA,Seattle,US-West,47.602873,-122.336132,2004-01-01,2012-08-17,8.626967830253252,network_hosting,0,0,0,0,0,30000000,4,2006-01-01,2008-05-20,2.0027,4.3863,0,1,2.0,7,
c:31754,MAP Pharmaceuticals,1,acquired,USA,CA,Mountain View,US-West,39.78373,-100.445882,2003-01-01,,4.2354551676933605,biotech,0,0,0,0,1,50000000,1,2007-03-28,2007-03-28,4.2384,4.2384,0,0,6.0,1,
c:25307,"ORCA, Inc.",1,acquired,USA,NY,New York,US-Northeast,40.745003,-73.98322900000002,2008-01-01,,1.4702258726899384,ecommerce,0,0,0,0,0,2000000,1,2009-06-21,2009-06-21,1.4712,1.4712,0,0,3.0,5,
c:1870,Amobee,1,acquired,USA,CA,Redwood City,US-West,37.52845,-122.263721,2005-05-01,,5.831622176591376,advertising,0,0,0,0,0,72000000,6,2006-11-01,2011-03-01,1.5041,5.8356,1,0,2.3333,25,
c:27285,KOTURA,1,acquired,USA,CA,Monterey Park,US-West,34.045919,-118.16525,2004-01-01,,5.845311430527036,cleantech,0,0,0,0,0,27690547,3,2005-09-07,2009-11-05,1.6849,5.8493,0,0,4.5,4,
c:48640,Auvitek International,0,closed,USA,TX,Plano,US-South,33.068275,-96.711101,2004-03-01,2011-02-20,6.973305954825462,semiconductor,0,0,0,0,0,9000000,1,2006-05-09,2006-05-09,2.189,2.189,0,0,4.0,32,
c:18470,Outright,1,acquired,USA,CA,Mountain View,US-West,37.287285,-121.942932,2008-06-01,,1.4647501711156743,enterprise,0,0,0,1,0,7500000,2,2008-11-01,2009-11-18,0.4192,1.4658,0,0,3.5,12,
c:21395,Phurnace Software,1,acquired,USA,TX,Austin,US-South,30.271393,-97.748623,2007-01-01,,1.4976043805612593,software,1,0,0,0,0,10000000,2,2007-09-11,2008-07-01,0.6932,1.4986,0,0,2.0,9,
c:25132,FastSoft,1,acquired,USA,CA,Pasadena,US-West,34.142973,-118.140553,2006-01-01,,6.674880219028063,software,1,0,0,0,0,5965000,4,2007-06-11,2012-09-04,1.4411,6.6795,1,0,1.0,7,
c:72,GrandCentral,1,acquired,USA,CA,Fremont,US-West,37.465645,-121.932202,2006-04-01,,-0.2464065708418891,mobile,0,0,1,0,0,4000000,1,2006-01-01,2006-01-01,-0.2466,-0.2466,0,0,1.0,9,
c:17429,Speedshape,0,closed,USA,MI,Bingham Farms,US-Midwest,42.548008,-83.214753,2003-01-01,2013-08-01,10.581793292265571,advertising,0,0,0,0,0,5000000,1,2008-02-20,2008-02-20,5.1397,5.1397,1,0,1.0,2,
c:487,BlueLithium,1,acquired,USA,CA,San Jose,US-West,37.32052,-121.948399,2004-01-01,,1.0869267624914443,advertising,0,0,0,0,0,11500000,1,2005-02-01,2005-02-01,1.0877,1.0877,0,0,2.0,15,
c:40665,Media Chaperone,0,closed,USA,IL,Chicago,US-Midwest,41.875555,-87.624421,2009-01-01,2013-06-01,4.413415468856948,web,0,1,0,0,0,1050000,2,2010-01-14,2011-02-24,1.0356,2.1479,1,0,1.0,2,
c:2972,Giant Realm,1,acquired,USA,NY,New York,US-Northeast,40.7566658,-73.9827553,2007-01-01,,1.3497604380561259,web,0,1,0,0,0,5500000,2,2008-03-01,2008-05-08,1.1644,1.3507,0,0,2.0,13,
c:1832,Invite Media,1,acquired,USA,PA,Philadelphia,US-Northeast,39.951311,-75.169522,2007-02-01,,2.830937713894593,advertising,0,0,0,0,0,5000000,3,2007-12-01,2009-12-01,0.8301,2.8329,0,1,1.6667,17,
c:30173,UpMo,0,closed,USA,CA,Mountain View,US-West,37.406914,-122.09037,2011-01-01,2013-07-01,2.4969199178644765,enterprise,0,0,0,1,0,3700000,2,2009-12-13,2011-08-17,-1.0521,0.6247,1,0,3.0,11,
c:17512,Appscio,0,closed,USA,CA,Freedom,US-West,36.9397206,-121.7768449,2006-01-01,2011-01-01,4.999315537303217,software,1,0,0,0,0,7000000,2,2007-03-20,2009-01-03,1.2137,3.0082,0,0,2.0,4,
c:833,Eons,0,closed,USA,MA,Boston,US-Northeast,42.375219,-71.056101,2005-01-01,2012-05-17,7.3730321697467485,network_hosting,0,0,0,0,0,32000000,2,2006-04-01,2007-03-01,1.2466,2.1616,0,0,3.5,14,
c:615,LocaModa,1,acquired,USA,MA,Cambridge,US-Northeast,42.358822,-71.104329,2007-01-01,,4.227241615331964,advertising,0,0,0,0,0,7900000,3,2007-09-18,2011-03-25,0.7123,4.2301,0,0,2.0,8,
c:1731,Meraki,1,acquired,USA,CA,San Francisco,US-West,37.392443,-122.072517,2006-04-01,,6.275154004106776,network_hosting,0,0,0,0,0,80000000,5,2006-12-01,2012-07-10,0.6685,6.2795,0,1,2.25,16,
c:39755,MPOWER Mobile,0,closed,USA,TX,Austin,US-South,30.280148,-97.749908,2005-01-01,2012-06-08,7.433264887063655,mobile,0,0,1,0,0,5000000,1,2009-10-28,2009-10-28,4.8247,4.8247,1,0,1.0,1,
c:134,Haute Secure,1,acquired,USA,WA,Seattle,US-West,47.638456,-122.356965,2006-01-01,,3.184120465434634,security,0,0,0,0,0,2100000,2,2007-01-01,2009-03-09,1.0,3.1863,0,1,1.5,5,
c:6313,Intelliworks,1,acquired,USA,MD,Bethesda,US-South,39.116333,-77.18130699999998,2004-12-01,,4.394250513347022,enterprise,0,0,0,1,0,22250000,4,2005-02-14,2009-04-24,0.2055,4.3973,0,0,2.5,6,
c:107746,Meridian,1,acquired,USA,OR,Portland,US-West,45.520247,-122.674195,2011-03-01,,1.5003422313483916,enterprise,0,0,0,1,0,1975000,2,2011-09-14,2012-08-30,0.5397,1.5014,1,1,3.0,6,
c:2566,Kluster,1,acquired,USA,NY,New York,US-Northeast,40.723652,-73.985281,2008-01-01,,0.0,web,0,1,0,0,0,1000000,1,2008-01-01,2008-01-01,0.0,0.0,0,1,1.0,0,
c:47440,International Battery,0,closed,USA,PA,Allentown,US-Northeast,40.602206,-75.47127900000002,2008-01-01,2013-03-01,5.163586584531143,cleantech,0,0,0,0,0,35000000,1,2010-05-06,2010-05-06,2.3452,2.3452,0,0,1.0,0,
c:44,Jingle Networks,1,acquired,USA,NY,New York,US-Northeast,37.480999,-122.173887,2005-09-01,,4.323066392881588,mobile,0,0,1,0,0,88651133,7,2005-10-01,2009-12-28,0.0822,4.3260000000000005,1,1,3.1667,12,
c:30527,SemEquip,1,acquired,USA,MA,North Billerica,US-Northeast,42.5656454,-71.3222696,2000-01-01,,5.590691307323751,semiconductor,0,0,0,0,0,26000000,1,2005-08-04,2005-08-04,5.5945,5.5945,1,0,2.0,3,
c:83176,ItsGoinOn,0,closed,USA,CA,Los Angeles,US-West,34.054935,-118.244476,2010-05-01,2011-11-01,1.5030800821355237,games_video,0,0,0,0,0,100000,1,2011-01-01,2011-01-01,0.6712,0.6712,0,1,1.0,3,
c:20488,mSnap,1,acquired,USA,CO,Denver,US-West,39.750152,-104.99643799999998,2005-06-01,,0.999315537303217,mobile,0,0,1,0,0,5000000,1,2006-06-01,2006-06-01,1.0,1.0,0,0,1.0,6,
c:24570,Biofisica,0,closed,USA,GA,Duluth,US-South,34.062588,-84.16923,2000-01-01,2012-04-26,12.317590691307323,biotech,0,0,0,0,1,7300000,2,2006-10-31,2008-04-21,6.8356,8.3096,1,0,3.0,5,
c:20506,Ardian,1,acquired,USA,CA,Mountain View,US-West,37.406914,-122.09037,2003-01-01,,6.223134839151267,biotech,0,0,0,0,1,64080000,3,2005-01-01,2009-03-23,2.0027,6.2274,0,0,4.0,8,
c:69279,Tracelytics,1,acquired,USA,RI,Providence,US-Northeast,51.43247,-2.664213,2010-07-01,,1.7248459958932238,enterprise,0,0,0,1,0,5800000,2,2011-11-03,2012-03-22,1.3425,1.726,0,1,4.0,8,
c:23192,Canopy Financial,0,closed,USA,CA,San Francisco,US-West,37.791388,-122.392148,2004-01-01,2009-08-27,5.653661875427789,finance,0,0,0,0,0,89500000,4,2008-01-01,2009-10-01,4.0027,5.7534,0,0,1.0,6,
c:38,Kyte,1,acquired,USA,CA,San Francisco,US-West,37.788482,-122.409173,2006-12-01,,5.248459958932238,games_video,0,0,0,0,0,23350000,4,2007-07-01,2012-03-01,0.5808,5.2521,0,1,3.0,11,
c:7376,Ounce Labs,1,acquired,USA,MA,Waltham,US-Northeast,42.393662,-71.25585500000003,2002-10-01,,5.960301163586585,software,1,0,0,0,0,13500000,2,2006-06-08,2008-09-16,3.6877,5.9644,1,0,2.5,7,
c:16070,Crossbeam Systems,1,acquired,USA,MA,Boxborough,US-Northeast,42.496515,-71.480233,2000-01-01,,8.120465434633813,security,0,0,0,0,0,24500000,2,2007-05-08,2008-02-14,7.3534,8.126,0,0,5.5,13,
c:53814,PacketHop,0,closed,USA,CA,Redwood City,US-West,37.534538,-122.252466,2002-01-01,2013-01-04,11.008898015058179,public_relations,0,0,0,0,0,10000000,1,2005-08-08,2005-08-08,3.6027,3.6027,0,0,4.0,2,
c:53831,Inaura,0,closed,USA,UT,Salt Lake City,US-West,40.767013,-111.890431,2007-01-01,2012-07-19,5.546885694729637,other,0,0,0,0,0,8500000,1,2005-01-06,2005-01-06,-1.9863,-1.9863,1,0,1.0,3,
c:24040,DynaPump,0,closed,USA,TX,The Woodlands,US-South,30.161661,-95.471256,1992-01-01,2011-11-12,19.863107460643395,cleantech,0,0,0,0,0,6000000,1,2008-05-29,2008-05-29,16.4192,16.4192,0,0,3.0,0,
c:40762,Immunet Corporation,1,acquired,USA,CA,Palo Alto,US-West,37.424298,-122.139809,2008-07-01,,1.3360711841204653,software,1,0,0,0,0,2000000,1,2009-11-01,2009-11-01,1.337,1.337,0,0,2.0,3,
c:75008,CopperEgg Corporation,1,acquired,USA,TX,Austin,US-South,30.280148,-97.749908,2010-06-01,,1.9356605065023955,enterprise,0,0,0,1,0,4100000,2,2011-07-12,2012-05-08,1.1123,1.937,0,0,1.5,3,
c:197,Wink,1,acquired,USA,CA,Mountain View,US-West,37.40047,-122.072981,2004-08-19,,0.36960985626283366,search,0,0,0,0,0,6200000,1,2005-01-01,2005-01-01,0.3699,0.3699,0,0,2.0,5,
c:3087,PopularMedia,1,acquired,USA,CA,San Francisco,US-West,37.767575,-122.411157,2003-01-01,,5.5715263518138265,advertising,0,0,0,0,0,12250000,2,2007-02-01,2008-07-28,4.0877,5.5753,0,0,2.5,8,
c:23098,Miyowa,1,acquired,USA,CA,San Francisco,US-West,37.779281,-122.419236,2003-04-14,,5.06776180698152,mobile,0,0,1,0,0,11725600,2,2006-09-04,2008-05-08,3.3945,5.0712,0,0,2.0,3,
c:45792,Intrusic,0,closed,USA,MA,Burlington,US-Northeast,42.504817,-71.195611,2001-01-01,2007-02-19,6.132785763175907,software,1,0,0,0,0,16000000,2,2005-04-25,2006-10-30,4.3151,5.8301,0,0,3.0,1,
c:37215,Dashwire,1,acquired,USA,WA,Seattle,US-West,47.603832,-122.330062,2006-08-11,,4.380561259411362,mobile,0,0,1,0,0,5056559,3,2009-01-31,2010-12-28,2.4767,4.3836,1,0,1.6667,10,
c:314,Reddit,1,acquired,USA,CA,San Francisco,US-West,37.780883,-122.395257,2005-01-01,,0.4134154688569473,web,0,1,0,0,0,100000,1,2005-06-01,2005-06-01,0.4137,0.4137,0,1,1.0,9,
c:3991,Pure Digital Technologies,1,acquired,USA,CA,San Francisco,US-West,37.779281,-122.419236,2001-09-01,,6.962354551676934,hardware,0,0,0,0,0,68200000,3,2004-01-01,2008-08-18,2.3342,6.9671,1,1,4.0,11,
c:16892,Voxify,1,acquired,USA,CA,Alameda,US-West,37.789429,-122.276524,2001-01-01,,9.300479123887747,enterprise,0,0,0,1,0,33000000,3,2005-02-01,2010-04-21,4.0877,9.3068,1,0,3.6667,5,
c:38460,EvoApp,0,closed,USA,NC,Durham,US-South,35.986906,-78.896718,2009-01-01,2013-01-01,4.0,analytics,0,0,0,0,0,3352194,3,2010-10-15,2012-04-20,1.7863,3.3014,0,1,9.5,8,
c:64959,Visual Revenue,1,acquired,USA,NY,New York,US-Northeast,40.750519,-73.993494,2010-03-01,,1.9055441478439425,analytics,0,0,0,0,0,2212000,2,2011-07-28,2012-01-26,1.4082,1.9068,0,1,3.0,5,
c:36484,Calibra Medical,1,acquired,USA,CA,Redwood City,US-West,37.484347,-122.225803,2004-01-01,,7.285420944558521,biotech,0,0,0,0,1,19800000,4,2009-11-24,2011-04-15,5.9014,7.2904,1,0,5.0,1,
c:47270,Offermatic,0,closed,USA,CA,San Mateo,US-West,37.566009,-122.321646,2010-02-01,2013-06-01,3.3292265571526354,web,0,1,0,0,0,4500000,2,2010-12-01,2011-03-09,0.8301,1.0986,0,1,3.0,6,
c:17433,HiWired,1,acquired,USA,MA,Needham,US-Northeast,42.2960173,-71.2128734,2004-01-01,,4.002737850787132,software,1,0,0,0,0,14000000,2,2008-01-01,2008-01-02,4.0027,4.0055,1,0,1.5,2,
c:144687,DateMyFamily.com,0,closed,USA,FL,Weston,US-South,26.106273,-80.41894,2011-11-11,2013-01-01,1.1416837782340863,social,0,0,0,0,0,100000,1,2011-12-01,2011-12-01,0.0548,0.0548,0,1,1.0,4,
c:6592,Hyperic,1,acquired,USA,CA,Palo Alto,US-West,37.4027811,-122.1441615,2004-01-01,,3.4250513347022586,software,1,0,0,0,0,9900000,2,2006-05-10,2007-06-05,2.3562,3.4274,0,0,2.0,4,
c:34545,Optimal,1,acquired,USA,CA,San Francisco,US-West,37.779281,-122.419236,2008-01-01,,5.059548254620124,advertising,0,0,0,0,0,7600000,3,2008-01-01,2013-01-22,0.0,5.063,0,0,5.0,10,
c:17030,SendMeHome.com,0,closed,USA,CA,Santa Barbara,US-West,34.430786,-119.715074,2008-07-01,2012-06-04,3.9260780287474333,games_video,0,0,0,0,0,50000,1,2008-07-01,2008-07-01,0.0,0.0,0,1,2.0,2,
c:13358,Q-magic,0,closed,USA,CA,Palo Alto,US-West,37.448944,-122.161415,2007-02-01,2011-11-29,4.824093086926762,public_relations,0,0,0,0,0,650000,1,2007-01-01,2007-01-01,-0.0849,-0.0849,0,1,1.0,3,
c:10610,Geodelic Systems,0,closed,USA,CA,Los Angeles,US-West,34.005914000000004,-118.488129,2008-01-01,2011-01-01,3.0006844626967832,mobile,0,0,1,0,0,10500000,3,2008-12-01,2010-09-23,0.9178,2.7288,1,0,2.0,8,
c:68470,BlockBeacon,1,acquired,USA,CA,Santa Monica,US-West,34.019657,-118.487549,2012-01-01,,0.47091033538672145,web,0,1,0,0,0,500000,1,2012-06-21,2012-06-21,0.4712,0.4712,0,1,1.0,12,
c:10197,PostPath,1,acquired,USA,CA,Mountain View,US-West,37.390501,-122.081151,2003-01-01,,4.041067761806982,web,0,1,0,0,0,24300000,2,2004-12-07,2007-01-16,1.9342,4.0438,0,0,2.5,2,
c:33771,Attune Systems,0,closed,USA,CA,Santa Clara,US-West,37.386778,-121.966277,1999-01-01,2009-02-12,10.116358658453114,hardware,0,0,0,0,0,18000000,2,2006-06-27,2006-11-14,7.4904,7.874,1,0,4.0,6,
c:437,TokBox,1,acquired,USA,CA,San Francisco,US-West,37.779507,-122.39071,2007-05-01,,3.542778918548939,messaging,0,0,0,0,0,26000000,3,2007-12-26,2010-11-15,0.6548,3.5452,0,0,3.6667,27,
c:15870,Avega Systems,0,closed,USA,CA,Mountain View,US-West,37.391642,-122.09393500000002,2005-01-01,2012-01-01,6.997946611909651,hardware,0,0,0,0,0,9500000,2,2007-04-01,2010-01-13,2.2466,5.0356,1,0,3.0,2,
c:20062,Heartscape,1,acquired,USA,MD,Columbia,US-South,39.2328783,-76.8204666,2000-01-01,2009-10-15,9.787816563997263,biotech,0,0,0,0,1,16980999,1,2007-04-24,2007-04-24,7.3151,7.3151,0,0,1.0,6,
c:281,PeerMe,0,closed,USA,CA,Mountain View,US-West,37.419819,-122.09018799999998,2004-01-01,2009-02-03,5.092402464065708,games_video,0,0,0,0,0,5000000,1,2005-01-01,2005-01-01,1.0027,1.0027,0,0,3.0,2,
c:19869,Pacinian,0,closed,USA,WA,SPOKANE,US-West,47.657943,-117.421226,2007-04-01,2012-01-01,4.7529089664613275,hardware,0,0,0,0,0,350000,1,2008-12-01,2008-12-01,1.6712,1.6712,1,0,1.0,3,
c:8251,neoSaej,0,closed,USA,MA,Burlington,US-Northeast,42.485691,-71.19861999999998,2006-01-01,2013-06-01,7.41409993155373,web,0,1,0,0,0,13130000,5,2007-03-29,2010-12-21,1.2384,4.9726,1,0,2.0,1,
c:60243,Kiha Software,0,closed,USA,WA,Seattle,US-West,39.78373,-100.445882,2008-01-01,2011-08-01,3.5811088295687883,software,1,0,0,0,0,20000000,1,2010-10-28,2010-10-28,2.8247,2.8247,0,0,1.0,1,
c:513,Vlingo,1,acquired,USA,MA,Cambridge,US-Northeast,42.372912,-71.118999,2006-06-01,,3.293634496919918,mobile,0,0,1,0,0,26500000,3,2006-12-01,2009-09-16,0.5014,3.2959,1,0,2.0,18,
c:19483,Tizor Systems,1,acquired,USA,MA,Maynard,US-Northeast,42.432106,-71.453968,2002-01-01,,4.101300479123887,enterprise,0,0,0,1,0,15000000,2,2005-09-12,2006-02-07,3.6986,4.1041,0,0,5.0,4,
c:49341,Cerona Networks,0,closed,USA,MD,Frederick,US-South,39.414219,-77.410927,2002-01-01,2012-01-18,10.04517453798768,public_relations,0,0,0,0,0,2600000,1,2006-04-21,2006-04-21,4.3041,4.3041,0,0,1.0,0,
c:31764,Oorja Protonics,0,closed,USA,CA,Fremont,US-West,37.54827,-121.988572,2004-01-01,2012-10-16,8.791238877481177,cleantech,0,0,0,0,0,21470000,4,2006-05-25,2010-01-11,2.3973,6.0329,0,0,3.5,1,
c:51969,Hurricane Party,0,closed,USA,TX,Austin,US-South,30.280148,-97.749908,2010-05-01,2012-07-01,2.1683778234086244,mobile,0,0,1,0,0,20000,1,2010-05-01,2010-05-01,0.0,0.0,0,1,1.0,5,
c:1284,Minekey,0,closed,USA,CA,Sunnyvale,US-West,37.384239,-122.012475,2005-01-01,2012-08-18,7.627652292950034,web,0,1,0,0,0,3600000,2,2006-12-01,2007-08-01,1.9151,2.5808,0,1,1.0,10,
c:24029,Blip,1,acquired,USA,NY,New York,US-Northeast,40.728425,-73.999882,2005-05-01,,7.2470910335386725,games_video,0,0,0,0,0,27300000,7,2006-03-01,2012-07-30,0.8329,7.2521,0,1,2.0,23,
c:166772,Fabkids,1,acquired,USA,CA,San Francisco,US-West,37.779281,-122.419236,2012-01-01,,0.5859000684462696,ecommerce,0,0,0,0,0,2600000,1,2012-08-02,2012-08-02,0.5863,0.5863,0,0,2.0,8,
c:59709,CafeBots,0,closed,USA,CA,Palo Alto,US-West,37.424298,-122.139809,2010-01-01,2010-10-01,0.7474332648870636,web,0,1,0,0,0,5000000,1,2010-10-21,2010-10-21,0.8027,0.8027,0,0,1.0,5,
c:11888,Avaak,1,acquired,USA,CA,San Diego,US-West,32.897274,-117.201076,2004-01-01,,6.220396988364135,mobile,0,0,1,0,0,17000000,2,2008-10-03,2010-03-22,4.7589,6.2247,0,0,3.5,2,
c:158294,Newfield Design,0,closed,USA,ME,West Newfield,US-Northeast,43.643967,-70.923675,2008-01-01,2013-06-01,5.415468856947296,manufacturing,0,0,0,0,0,662000,1,2012-05-14,2012-05-14,4.3699,4.3699,0,0,3.0,0,
c:58550,Savored,1,acquired,USA,NY,New York,US-Northeast,40.73901,-73.997259,2010-01-01,,1.0239561943874058,hospitality,0,0,0,0,0,3750000,2,2010-01-01,2011-01-10,0.0,1.0247,0,1,4.0,12,
c:4,Digg,1,acquired,USA,CA,San Francisco,US-West,37.764726,-122.394523,2004-10-11,,6.74880219028063,news,0,0,0,0,0,45000000,4,2005-10-01,2011-07-12,0.9726,6.7534,0,0,4.6667,57,
c:1475,Songza,1,acquired,USA,NY,Long Island City,US-Northeast,40.74731129999999,-73.95491820000002,2007-11-01,,5.859000684462697,music,0,0,0,0,0,6700000,2,2011-09-19,2013-09-10,3.8849,5.863,1,0,8.0,9,
c:23134,Bigfoot Networks,1,acquired,USA,CA,Redwood City,US-West,37.536402,-122.325129,2006-01-01,,3.8767967145790556,hardware,0,0,0,0,0,20750000,3,2006-03-06,2009-11-17,0.1753,3.8795,1,0,2.3333,12,
c:453,Kongregate,1,acquired,USA,CA,San Francisco,US-West,37.786942,-122.401245,2006-01-01,,7.498973305954825,games_video,0,0,0,0,0,19000000,4,2007-03-01,2013-07-02,1.1616,7.5041,0,0,2.0,5,
c:30,Powerset,1,acquired,USA,CA,San Francisco,US-West,37.778613,-122.395289,2006-10-01,,0.6652977412731006,search,0,0,0,0,0,22500000,3,2006-05-01,2007-06-01,-0.4192,0.6658,1,0,4.0,20,
c:282,Kiptronic,1,acquired,USA,CA,San Francisco,US-West,37.792394,-122.402349,2005-05-01,,3.0965092402464065,advertising,0,0,0,0,0,7300000,3,2005-11-01,2008-06-05,0.5041,3.0986,0,1,2.0,10,
c:6340,Cozi Group,0,closed,USA,WA,Seattle,US-West,39.78373,-100.445882,2005-03-03,2013-01-31,7.915126625598905,web,0,1,0,0,0,26390819,7,2005-12-01,2012-12-27,0.7479,7.8247,1,0,1.3333,16,
c:9599,Likewise Software,1,acquired,USA,WA,Bellevue,US-West,47.582658,-122.135282,2004-11-01,,4.492813141683778,software,1,0,0,0,0,10000000,1,2009-04-30,2009-04-30,4.4959,4.4959,0,0,3.0,4,
c:63621,Lifestander,0,closed,USA,NY,NY,US-Northeast,40.73901,-73.997259,2010-09-01,2013-06-01,2.74880219028063,web,0,1,0,0,0,31000,1,2010-10-02,2010-10-02,0.0849,0.0849,0,1,2.0,1,
c:251,Jaxtr,1,acquired,USA,CA,Menlo Park,US-West,37.451026,-122.18676,2005-10-01,,2.726899383983573,mobile,0,0,1,0,0,21500000,3,2007-07-01,2008-06-23,1.7479,2.7288,0,0,3.3333,16,
c:12285,MX Logic,1,acquired,USA,CO,Englewood,US-West,39.540323,-104.857271,2002-01-01,,4.848733744010952,security,0,0,0,0,0,4000000,1,2006-11-07,2006-11-07,4.8521,4.8521,0,0,5.0,5,
c:885,Metaplace,1,acquired,USA,CA,Solana Beach,US-West,33.020832,-117.077311,2006-07-01,,3.704312114989733,games_video,0,0,0,0,0,9400000,3,2007-01-01,2010-03-15,0.5041,3.7068,1,0,4.0,5,
c:1704,TravelMuse,1,acquired,USA,NY,New York,US-Northeast,37.402802,-122.117418,2007-04-16,,2.127310061601643,web,0,1,0,0,0,5600000,3,2007-05-01,2009-06-01,0.0411,2.1288,0,0,2.0,9,
c:5986,Jambool,1,acquired,USA,CA,San Francisco,US-West,37.782101,-122.389519,2006-08-01,,3.0444900752908968,finance,0,0,0,0,0,6000000,2,2008-08-01,2009-08-17,2.0027,3.0466,0,0,2.5,9,
c:23756,Zipcar,1,acquired,USA,GA,NW Atlanta,US-South,33.7862629,-84.3877936,2000-10-31,,10.121834360027378,transportation,0,0,0,0,0,60704370,4,2002-12-20,2010-12-15,2.137,10.1288,1,0,2.0,35,
c:43172,Hitpost,1,acquired,USA,CA,San Francisco,US-West,37.78227879999999,-122.392978,2009-04-01,,3.0691307323750854,sports,0,0,0,0,0,2000000,3,2010-01-01,2012-04-26,0.7534,3.0712,0,1,3.6667,16,
c:20637,Home-Account,1,acquired,USA,CA,San Francisco,US-West,37.778551,-122.391686,2008-11-01,,0.70362765229295,finance,0,0,0,0,0,1000000,2,2009-04-16,2009-07-16,0.4548,0.7041,1,0,5.5,5,
c:20033,PayParade Pictures,0,closed,USA,PA,Bala Cynwyd,US-Northeast,40.012771,-75.239234,2007-10-17,2012-01-27,4.2792607802874745,games_video,0,0,0,0,0,200000,2,2008-12-01,2009-03-13,1.126,1.4055,0,1,2.0,3,
c:13504,Planet Metrics,0,closed,USA,CA,San Bruno,US-West,37.628328,-122.420814,2007-01-01,2011-02-07,4.101300479123887,cleantech,0,0,0,0,0,2300000,1,2008-11-12,2008-11-12,1.8658,1.8658,0,0,2.0,2,
c:3185,kwiry,0,closed,USA,CA,San Francisco,US-West,37.7885714,-122.40359850000002,2006-01-01,2009-04-23,3.3073237508555784,mobile,0,0,1,0,0,1000000,1,2008-03-20,2008-03-20,2.2164,2.2164,0,0,1.0,5,
c:725,imeem,1,acquired,USA,CA,San Francisco,US-West,37.779624,-122.391236,2003-11-01,,5.749486652977413,music,0,0,0,0,0,24750000,5,2004-09-01,2009-08-01,0.8356,5.7534,1,1,2.4,13,
c:13921,Amadesa,0,closed,USA,IL,Evanston,US-Midwest,42.055849,-87.694664,2005-05-15,2013-07-01,8.128678986995208,software,1,0,0,0,0,12800000,2,2007-12-03,2011-10-05,2.5534,6.3945,0,0,2.0,15,
c:24549,Cast Iron Systems,1,acquired,USA,CA,Mountain View,US-West,37.4305755,-122.0971389,2001-01-01,,6.570841889117043,enterprise,0,0,0,1,0,30500000,2,2005-03-28,2007-07-29,4.2384,6.5753,0,0,4.5,10,
c:5952,Aptera,0,closed,USA,CA,Carlsbad,US-West,33.133524,-117.254593,2003-01-01,2011-12-01,8.914442162902121,automotive,0,0,0,0,0,36300000,3,2008-07-25,2011-07-13,5.5671,8.5342,1,0,1.5,3,
c:43183,RentJuice,1,acquired,USA,CA,San Francisco,US-West,37.779281,-122.419236,2008-01-01,,3.082819986310746,real_estate,0,0,0,0,0,6693782,3,2010-03-04,2011-01-31,2.1726,3.0849,1,0,1.6667,7,
c:41968,Verari Systems,0,closed,USA,CA,San Diego,US-West,32.901049,-117.192656,1996-01-01,2010-01-01,14.001368925393566,hardware,0,0,0,0,0,20000000,1,2007-06-05,2007-06-05,11.4329,11.4329,0,0,5.0,1,
c:5485,Parascale,1,acquired,USA,CA,Cupertino,US-West,37.316653,-122.05074,2005-01-01,,3.4743326488706368,network_hosting,0,0,0,0,0,11370000,1,2008-06-23,2008-06-23,3.4767,3.4767,0,0,2.0,8,
c:9,Geni,1,acquired,USA,CA,West Hollywood,US-West,34.090368,-118.393064,2006-06-01,,2.6365503080082138,web,0,1,0,0,0,16500000,3,2007-01-01,2009-01-19,0.5863,2.6384,0,0,1.3333,13,
c:15129,Zentact,0,closed,USA,CA,San Franciso,US-West,37.794891,-122.397901,2008-09-01,2012-01-01,3.3319644079397674,network_hosting,0,0,0,0,0,250000,1,2008-09-01,2008-09-01,0.0,0.0,0,1,3.0,3,
c:339,Outside.in,1,acquired,USA,NY,New York,US-Northeast,40.70438220000001,-73.98657170000001,2006-08-01,,3.353867214236824,web,0,1,0,0,0,14400000,5,2007-02-01,2009-12-08,0.5041,3.3562,0,1,5.8,9,
c:967,Salesforce Buddy Media,1,acquired,USA,NY,New York,US-Northeast,40.756054,-73.986951,2007-09-01,,3.9534565366187544,enterprise,0,0,0,1,0,90000000,5,2007-09-01,2011-08-15,0.0,3.9562,1,0,3.8,24,
c:2925,Vizu Corporation,1,acquired,USA,CA,San Francisco,US-West,37.797435,-122.403175,2005-02-14,,7.148528405201916,advertising,0,0,0,0,0,13075000,4,2006-02-20,2012-04-09,1.0164,7.1534,0,0,4.0,10,
c:86,Zing Systems,1,acquired,USA,CA,Mountain View,US-West,37.388077,-122.08316,2007-06-01,,-0.4134154688569473,games_video,0,0,0,0,0,26000000,2,2006-12-01,2007-01-01,-0.4986,-0.4137,0,0,2.5,10,
c:69834,DynamicOps,1,acquired,USA,MA,Burlington,US-Northeast,42.504817,-71.195611,2008-01-01,,3.6878850102669403,enterprise,0,0,0,1,0,16300000,2,2011-02-28,2011-09-09,3.1616,3.6904,0,0,2.0,6,
c:44434,Movero Technology,1,acquired,USA,TX,Austin,US-South,30.409765000000004,-97.75101,2003-01-01,2013-06-01,10.414784394250514,enterprise,0,0,0,1,0,5992316,2,2007-06-14,2010-03-23,4.4521,7.2274,1,0,2.0,5,
c:40417,Elevation Pharmaceuticals,1,acquired,USA,CA,San Diego,US-West,32.962655,-117.189656,2007-01-01,,5.007529089664613,biotech,0,0,0,0,1,89400001,4,2010-01-21,2012-01-04,3.0575,5.011,1,0,4.3333,2,
c:18897,Punch Entertainment,0,closed,USA,CA,Palo Alto,US-West,37.4233698,-122.09868590000002,2005-05-10,2012-04-16,6.934976043805612,software,1,0,0,0,0,1200000,1,2006-02-27,2006-02-27,0.8027,0.8027,0,0,1.0,4,
c:43416,Stickybits,0,closed,USA,NY,New York,US-Northeast,40.729839,-73.991781,2009-01-01,2012-08-01,3.5811088295687883,web,0,1,0,0,0,1900000,2,2010-03-09,2010-05-19,1.1836,1.3781,0,1,2.5,7,
c:23692,Ecast,0,closed,USA,CA,San Francisco,US-West,37.779281,-122.419236,1999-01-01,2012-02-12,13.114305270362765,games_video,0,0,0,0,0,30300000,3,2008-05-07,2011-05-26,9.3534,12.4055,1,0,4.5,9,
c:28162,lifeIO,0,closed,USA,NY,New York,US-Northeast,40.730646,-73.986614,2006-08-29,2012-03-03,5.51129363449692,web,0,1,0,0,0,500000,1,2008-08-29,2008-08-29,2.0027,2.0027,0,1,5.0,4,
c:1587,EdgeCast Networks,1,acquired,USA,CA,Santa Monica,US-West,34.049767,-118.459387,2006-08-01,,6.962354551676934,network_hosting,0,0,0,0,0,74000000,5,2006-08-01,2013-07-18,0.0,6.9671,0,1,1.75,19,
c:26988,Sirific Wireless,1,acquired,USA,TX,Richardson,US-South,32.945353999999995,-96.708874,2000-01-01,,7.115674195756331,semiconductor,0,0,0,0,0,18800000,1,2007-02-12,2007-02-12,7.1205,7.1205,0,0,7.0,3,
c:26390,Revetto,0,closed,USA,MI,Zeeland,US-Midwest,42.8138649,-86.02384599999998,2009-01-01,2009-05-18,0.3750855578370979,web,0,1,0,0,0,20000,1,2009-05-01,2009-05-01,0.3288,0.3288,0,1,1.0,3,
c:32094,ZoomSafer,1,acquired,USA,VA,Herndon,US-South,38.969532,-77.385948,2009-01-01,,2.1765913757700206,mobile,0,0,1,0,0,3350000,4,2009-03-01,2011-03-07,0.1616,2.1781,0,1,1.5,3,
c:39364,AkaRx,1,acquired,USA,NJ,Paramus,US-Northeast,40.944543,-74.075419,2005-01-01,,5.01574264202601,biotech,0,0,0,0,1,26100000,1,2010-01-07,2010-01-07,5.0192,5.0192,1,0,2.0,1,
c:51623,Lama Lab,0,closed,USA,PA,Pittsburgh,US-Northeast,40.441694,-79.990086,2009-01-01,2013-06-01,4.413415468856948,enterprise,0,0,0,1,0,1213066,2,2010-05-31,2011-07-08,1.411,2.5151,1,0,1.0,0,
c:8676,Buysight,1,acquired,USA,CA,Palo Alto,US-West,37.425359,-122.1389633,2008-01-01,,4.219028062970568,advertising,0,0,0,0,0,24030000,3,2008-11-04,2012-03-21,0.8438,4.2219,0,0,3.6667,18,
c:767,TripIt,1,acquired,USA,CA,San Francisco,US-West,37.764169,-122.402021,2006-10-01,,3.4223134839151266,travel,0,0,0,0,0,13100000,3,2007-04-01,2010-03-04,0.4986,3.4247,0,1,1.6667,14,
c:6011,Pinch Media,1,acquired,USA,NY,New York,US-Northeast,40.757929,-73.985506,2008-04-01,,1.7659137577002053,software,1,0,0,0,0,560001,3,2008-05-01,2010-01-06,0.0822,1.7671,1,1,3.5,6,
c:31794,Enstratius,1,acquired,USA,MN,Minneapolis,US-Midwest,44.9773,-93.265469,2009-01-01,,2.847364818617385,enterprise,0,0,0,1,0,3500000,1,2011-11-07,2011-11-07,2.8493,2.8493,0,0,2.0,7,
c:10054,Jumptap,1,acquired,USA,MA,Boston,US-Northeast,42.368633,-71.075305,2005-01-01,,7.498973305954825,mobile,0,0,1,0,0,121500000,7,2005-03-01,2012-07-02,0.1616,7.5041,1,0,4.5,45,
c:14036,WiChorus,1,acquired,USA,CA,San Jose,US-West,37.40909600000001,-121.94319099999998,2005-01-01,,3.8412046543463383,mobile,0,0,1,0,0,42500000,4,2005-12-22,2008-11-04,0.9726,3.8438,1,0,2.5,18,
c:38123,Hatteras Networks,1,acquired,USA,NC,Durham,US-South,35.996653,-78.90180500000002,2000-01-01,,6.414784394250513,software,1,0,0,0,0,36000000,2,2005-06-08,2006-06-01,5.4384,6.4192,1,0,3.5,26,
c:16709,Focus,0,closed,USA,CA,San Francisco,US-West,37.793949,-122.398062,2005-08-01,2012-09-15,7.123887748117728,enterprise,0,0,0,1,0,12170000,1,2008-03-06,2008-03-06,2.5973,2.5973,0,0,3.0,7,
c:46901,easy2comply (Dynasec),1,acquired,USA,NY,New York,US-Northeast,40.730646,-73.986614,2002-01-01,,5.749486652977413,software,1,0,0,0,0,1000000,1,2007-10-02,2007-10-02,5.7534,5.7534,0,0,3.0,4,
c:18056,Socialize,1,acquired,USA,CA,San Francisco,US-West,38.88521,-76.998641,2008-07-01,,3.9342915811088295,mobile,0,0,1,0,0,1820000,3,2011-11-01,2012-06-07,3.337,3.937,0,1,1.0,5,
c:13219,Clearwire,1,acquired,USA,WA,Kirkland,US-West,30.6324797,-86.9843446,2003-10-01,,9.409993155373032,mobile,0,0,1,0,0,5700000000,4,2008-05-06,2013-02-27,4.6,9.4164,0,0,4.25,19,
c:44576,CREDANT Technologies,1,acquired,USA,TX,Addison,US-South,32.960431,-96.83026,2001-01-01,,6.965092402464066,security,0,0,0,0,0,5000000,1,2007-12-20,2007-12-20,6.9699,6.9699,0,0,5.0,6,
c:55043,Exclusively.in,1,acquired,USA,NY,New York,US-Northeast,40.750519,-73.993494,2010-01-01,,1.404517453798768,fashion,0,0,0,0,0,18800000,2,2010-11-03,2011-05-29,0.8384,1.4055,0,0,2.5,4,
c:31832,Avidia,1,acquired,USA,CA,Mountain View,US-West,37.406914,-122.09037,2003-01-01,,3.351129363449692,advertising,0,0,0,0,0,72300000,2,2005-05-06,2006-05-09,2.3452,3.3534,0,0,4.5,3,
c:51021,PayDivvy,1,acquired,USA,CA,Irvine,US-West,33.685697,-117.825982,2009-03-06,,3.143052703627652,social,0,0,0,0,0,1310000,3,2009-01-15,2012-04-27,-0.1369999999999999,3.1452,0,1,1.0,3,
c:42672,Octavian,0,closed,USA,MA,Woburn,US-Northeast,42.479262,-71.152277,2003-01-01,2011-02-01,8.084873374401095,software,1,0,0,0,0,15000000,2,2005-06-01,2007-10-10,2.4164,4.7753,0,0,2.5,2,
c:130,KickApps,1,acquired,USA,NY,New York,US-Northeast,40.75166110000001,-73.9843328,2004-03-01,,4.736481861738535,enterprise,0,0,0,1,0,39007789,3,2006-06-01,2008-11-25,2.2521,4.7397,0,0,3.0,22,
c:47601,Airwide Solutions,1,acquired,USA,MA,Burlington,US-Northeast,42.504817,-71.195611,2004-01-01,,2.0670773442847366,software,1,0,0,0,0,25000000,1,2006-01-25,2006-01-25,2.0685,2.0685,0,0,5.0,3,
c:60087,Localocracy,1,acquired,USA,MA,Boston,US-Northeast,42.360253,-71.058291,2009-01-01,,2.0917180013689256,web,0,1,0,0,0,172500,3,2009-05-01,2011-02-04,0.3288,2.0932,0,1,1.0,4,
c:24853,Pixable,1,acquired,USA,NY,New York City,US-Northeast,40.730646,-73.986614,2009-03-12,,2.11088295687885,social,0,0,0,0,0,6100000,2,2010-11-10,2011-04-22,1.6658,2.1123,0,0,1.0,23,
c:14608,mFoundry,1,acquired,USA,CA,Larkspur,US-West,37.862592,-122.493561,2004-01-01,,7.926078028747433,mobile,0,0,1,0,0,40300000,3,2006-03-21,2011-12-05,2.2192,7.9315,1,0,4.0,7,
c:65389,Bevvy,0,closed,USA,CA,Los Angeles,US-West,34.098242,-118.35697,2011-01-08,2012-01-01,0.9801505817932923,ecommerce,0,0,0,0,0,100000,1,2011-05-20,2011-05-20,0.3616,0.3616,0,1,1.0,9,
c:1767,Livemocha,1,acquired,USA,WA,Seattle,US-West,47.6399006,-122.1914274,2007-09-01,,5.486652977412731,education,0,0,0,0,0,19389998,5,2008-01-01,2013-02-25,0.3342,5.4904,1,0,1.5,14,
c:6012,IronPort Systems,1,acquired,USA,CA,San Bruno,US-West,37.626166,-122.411025,2000-01-01,,4.815879534565366,hardware,0,0,0,0,0,61500000,2,2002-06-25,2004-10-25,2.4822,4.8192,0,0,4.0,21,
c:44976,Crowdcast,1,acquired,USA,CA,San Francisco,US-West,37.779281,-122.419236,2007-01-01,,3.4387405886379194,software,1,0,0,0,0,6000000,1,2010-06-10,2010-06-10,3.4411,3.4411,0,0,2.0,6,
c:2275,Where,1,acquired,USA,MA,Boston,US-Northeast,42.360253,-71.058291,2004-01-01,,5.002053388090349,mobile,0,0,1,0,0,19100000,4,2003-12-31,2009-01-01,-0.0027,5.0055,0,0,2.5,23,
c:16611,Pictela,1,acquired,USA,NY,New York,US-Northeast,40.756054,-73.986951,2008-10-17,,2.0533880903490758,advertising,0,0,0,0,0,3499997,4,2009-01-06,2010-11-06,0.2219,2.0548,1,0,1.5,8,
c:975,Grouply,1,acquired,USA,CA,Redwood City,US-West,37.502742,-122.211281,2006-03-01,2012-01-01,5.83709787816564,network_hosting,0,0,0,0,0,2600000,3,2007-06-01,2008-01-14,1.2521,1.874,0,1,3.6667,13,
c:51332,Storify,1,acquired,USA,CA,San Francisco,US-West,37.779281,-122.419236,2009-12-11,,1.1471594798083504,web,0,1,0,0,0,2023000,3,2009-07-01,2011-02-03,-0.4466,1.1479,0,1,1.3333,14,
c:25713,Axiom Microdevices,1,acquired,USA,CA,Irvine,US-West,33.685697,-117.825982,2002-01-01,,5.103353867214237,semiconductor,0,0,0,0,0,25000000,1,2007-02-08,2007-02-08,5.1068,5.1068,1,0,4.0,3,
c:36151,ShoeDazzle,1,acquired,USA,CA,Santa Monica,US-West,34.019657,-118.487549,2009-03-01,,3.592060232717317,fashion,0,0,0,0,0,66000000,4,2009-11-19,2012-10-03,0.7205,3.5945,1,0,2.3333,17,
c:148576,LiftDNA,1,acquired,USA,NY,New York,US-Northeast,40.74929,-73.981328,2009-09-01,,1.4455852156057496,advertising,0,0,0,0,0,1000000,2,2011-02-01,2011-02-11,1.4192,1.4466,0,1,3.5,5,
c:73586,Onavo,1,acquired,USA,CA,Palo Alto,US-West,37.424298,-122.139809,2010-01-01,,2.0616016427104724,mobile,0,0,1,0,0,13000000,2,2011-05-01,2012-01-24,1.3288,2.063,0,0,3.0,11,
c:46070,Pyxis Mobile,0,closed,USA,MA,Waltham,US-Northeast,42.37564,-71.2358,1998-01-01,2012-08-01,14.581793292265571,software,1,0,0,0,0,24150000,3,2005-09-09,2012-01-10,7.6932,14.0329,1,0,2.3333,3,
c:84867,Link_A_Media Devices,0,closed,USA,CA,Santa Clara,US-West,37.354469,-121.990433,2004-01-01,2013-01-01,9.00205338809035,semiconductor,0,0,0,0,0,47218498,3,2009-11-02,2012-03-20,5.8411,8.2219,1,0,3.3333,4,
c:12171,Guardium,1,acquired,USA,MA,Waltham,US-Northeast,42.37564,-71.2358,2002-01-01,,4.372347707049966,search,0,0,0,0,0,11800000,2,2005-08-12,2006-05-17,3.6137,4.3753,0,0,4.5,1,
c:45413,Trooval,0,closed,USA,NV,Henderson,US-West,35.96544,-115.106579,2008-09-01,2011-02-01,2.4175222450376452,analytics,0,0,0,0,0,2387481,2,2010-04-07,2010-11-05,1.5973,2.1781,1,0,1.0,2,
c:1285,Compete,1,acquired,USA,MA,Boston,US-Northeast,42.346743,-71.07663199999998,2000-01-01,,7.581108829568788,consulting,0,0,0,0,0,33000000,4,2000-11-01,2007-08-01,0.8356,7.5863,1,0,2.5,35,
c:13730,Rollstream,1,acquired,USA,VA,McLean,US-South,38.872668,-77.367981,2005-01-01,,3.8795345653661877,software,1,0,0,0,0,7500000,2,2007-09-03,2008-11-18,2.6712,3.8822,0,0,1.5,4,
c:31936,NeoGuide Systems,1,acquired,USA,CA,San Jose,US-West,37.404788,-121.940842,2000-01-01,,6.743326488706366,biotech,0,0,0,0,1,25000000,1,2006-09-29,2006-09-29,6.7479,6.7479,0,0,1.0,3,
c:32011,Accept Software,1,acquired,USA,CA,Santa Clara,US-West,37.386778,-121.966277,2002-01-01,,8.950034223134839,software,1,0,0,0,0,25305000,4,2005-09-16,2010-12-14,3.7096,8.9562,1,0,2.0,7,
c:22203,Milo,1,acquired,USA,CA,Palo Alto,US-West,37.444531,-122.163352,2008-01-01,,1.8973305954825461,web,0,1,0,0,0,4950000,2,2008-11-01,2009-11-24,0.8356,1.8986,0,1,12.5,21,
c:10512,Mimosa Systems,1,acquired,USA,CA,Santa Clara,US-West,37.37968400000001,-121.97514,2003-08-29,,6.373716632443532,software,1,0,0,0,0,53816776,6,2005-12-05,2010-01-12,2.2712,6.3781,1,0,5.0,8,
c:105,Surphace,1,acquired,USA,NY,New York,US-Northeast,37.809782,-122.417306,2005-06-01,,0.9144421629021219,web,0,1,0,0,0,3500000,2,2005-04-01,2006-05-01,-0.1671,0.9151,0,0,5.5,15,
c:60436,Cloudmeter,1,acquired,USA,CA,Mountain View,US-West,37.388869,-122.072353,2007-04-01,,5.073237508555784,enterprise,0,0,0,1,0,5000000,1,2012-04-27,2012-04-27,5.0767,5.0767,0,0,1.0,7,
c:5779,Zecter,1,acquired,USA,CA,Burlingame,US-West,37.384756,-122.087712,2007-06-01,,2.537987679671458,network_hosting,0,0,0,0,0,2515000,3,2007-06-01,2009-12-14,0.0,2.5397,1,1,1.6667,9,
c:3413,Dimdim,1,acquired,USA,MA,Lowell,US-Northeast,42.6161515,-71.3258687,2006-01-01,,2.4969199178644765,web,0,1,0,0,0,8400000,2,2007-02-01,2008-07-01,1.0849,2.4986,0,0,2.0,10,
c:6049,TeleFlip,0,closed,USA,CA,Santa Monica,US-West,34.01695,-118.451933,2004-01-01,2008-01-01,4.0,mobile,0,0,1,0,0,4900000,2,2006-08-01,2008-01-01,2.5836,4.0027,0,0,1.0,5,
c:58998,MessageGate,0,closed,USA,WA,Bellevue,US-West,47.614422,-122.192337,2001-01-01,2012-07-16,11.537303216974674,software,1,0,0,0,0,5000000,1,2005-04-18,2005-04-18,4.2959,4.2959,1,0,5.0,3,
c:39283,Cloverleaf Communications,1,acquired,USA,NY,Woodbury,US-Northeast,40.825655,-73.46762199999998,2001-01-01,,4.487337440109514,public_relations,0,0,0,0,0,11000000,1,2005-06-28,2005-06-28,4.4904,4.4904,0,0,3.0,2,
c:13681,SkyPilot Networks,1,acquired,USA,CA,Santa Clara,US-West,37.381876,-121.95993,2000-01-01,,8.24914442162902,mobile,0,0,1,0,0,68400000,4,2001-01-01,2008-04-01,1.0027,8.2548,1,0,4.0,6,
c:21762,Zencoder,1,acquired,USA,CA,San Francisco,US-West,37.779281,-122.419236,2007-01-01,,4.276522929500342,software,1,0,0,0,0,2000000,2,2010-02-01,2011-04-12,3.0877,4.2795,0,1,8.5,7,
c:39801,Storm Exchange,0,closed,USA,NY,New York,US-Northeast,40.730646,-73.986614,2006-04-01,2009-03-12,2.945927446954141,enterprise,0,0,0,1,0,10800000,2,2006-12-01,2008-03-04,0.6685,1.926,1,0,2.0,2,
c:1388,The Huffington Post,1,acquired,USA,NY,New York,US-Northeast,40.729839,-73.991781,2005-05-09,,5.229295003422314,news,0,0,0,0,0,37000000,5,2005-05-01,2010-08-01,-0.0219,5.2329,1,0,2.5,31,
c:11307,Exaprotect,1,acquired,USA,CA,Mountain View,US-West,37.419347,-122.089639,2004-01-01,,2.521560574948665,security,0,0,0,0,0,7660000,1,2006-07-10,2006-07-10,2.5233,2.5233,0,0,6.0,5,
c:37929,Akorri Networks,1,acquired,USA,MA,Littleton,US-Northeast,42.537592,-71.51201,2005-01-01,,5.221081451060917,software,1,0,0,0,0,48730000,4,2005-05-05,2010-03-23,0.3397,5.2247,1,0,3.0,5,
c:47115,Giiv,0,closed,USA,CA,Los Angeles,US-West,34.054935,-118.244476,2009-01-01,2012-08-01,3.5811088295687883,messaging,0,0,0,0,0,3350000,2,2009-01-01,2010-06-01,0.0,1.4137,0,1,2.5,1,
c:11817,MyShape,0,closed,USA,CA,Glendale,US-West,34.141876,-118.132377,2003-09-01,2013-04-01,9.582477754962355,ecommerce,0,0,0,0,0,28000000,4,2007-07-17,2010-11-10,3.8767,7.1973,1,0,3.0,3,
c:81476,BlackLocus,1,acquired,USA,TX,Austin,US-South,30.2702703,-97.742204,2010-01-01,,1.4948665297741273,analytics,0,0,0,0,0,2500000,1,2011-07-01,2011-07-01,1.4959,1.4959,0,0,2.0,5,
c:155,FeedBurner,1,acquired,USA,IL,Chicago,US-Midwest,41.889474,-87.628912,2004-02-01,,1.163586584531143,web,0,1,0,0,0,8000000,2,2004-06-01,2005-04-01,0.3315,1.1644,0,0,4.0,16,
c:9822,DailyBurn,1,acquired,USA,NY,New York,US-Northeast,40.73901,-73.997259,2007-10-01,,1.6509240246406571,web,0,1,0,0,0,540000,2,2008-05-01,2009-05-26,0.5836,1.6521,0,1,2.5,6,
c:93,CastTV,1,acquired,USA,CA,San Francisco,US-West,37.780716,-122.39391299999998,2006-01-01,,1.2457221081451062,games_video,0,0,0,0,0,3100000,2,2006-01-01,2007-04-01,0.0,1.2466,0,1,2.0,4,
c:37635,Venmo,1,acquired,USA,NY,New York,US-Northeast,40.750519,-73.993494,2009-04-04,,2.324435318275154,mobile,0,0,1,0,0,1200000,2,2010-05-07,2011-08-01,1.0904,2.326,0,1,6.0,8,
c:1627,WeShow,0,closed,USA,NY,New York,US-Northeast,40.752516,-73.973072,2007-06-01,2008-12-02,1.5058179329226558,games_video,0,0,0,0,0,5000000,1,2007-06-01,2007-06-01,0.0,0.0,0,0,2.0,2,
c:15294,SenSage,1,acquired,USA,CA,San Francisco,US-West,37.785655,-122.398393,2004-08-18,,7.370294318959616,security,0,0,0,0,0,37079000,6,2005-04-18,2012-01-01,0.6658,7.3753,1,0,3.8,6,
c:27163,Luminus Devices,1,acquired,USA,MA,Billerica,US-Northeast,42.528635,-71.27802199999998,2002-01-01,,11.162217659137577,other,0,0,0,0,0,135826373,4,2006-05-01,2013-03-01,4.3315,11.1699,0,0,4.3333,3,
c:3267,Tapioca Mobile,0,closed,USA,CA,San Diego,US-West,32.88945,-117.166929,2008-01-01,2012-07-09,4.520191649555099,mobile,0,0,1,0,0,5000000,2,2007-09-01,2008-03-25,-0.3342,0.2301,1,1,1.0,5,
c:77139,BestVendor,1,acquired,USA,NY,New York,US-Northeast,40.728425,-73.999882,2011-01-01,,1.0841889117043122,software,1,0,0,0,0,4200000,4,2011-03-18,2012-02-01,0.2082,1.0849,0,1,3.0,3,
c:9085,Local Marketers,0,closed,USA,WA,Seattle,US-West,47.59896810000001,-122.33290359999998,2005-01-01,2011-02-03,6.0889801505817935,web,0,1,0,0,0,4100000,1,2008-07-31,2008-07-31,3.5808,3.5808,1,0,1.0,3,
c:80259,Eyeona,0,closed,USA,CA,Los Gatos,US-West,37.222698,-121.979887,2011-01-01,2012-11-01,1.834360027378508,web,0,1,0,0,0,2000000,1,2011-10-10,2011-10-10,0.7726,0.7726,0,0,1.0,3,
c:26806,ColdSpark,1,acquired,USA,CO,Broomfield,US-West,39.937989,-105.058729,2001-01-01,,4.999315537303217,software,1,0,0,0,0,6500000,1,2006-01-01,2006-01-01,5.0027,5.0027,1,0,1.0,3,
c:18080,Etology,0,closed,USA,CA,Foster City,US-West,37.561111,-122.27048700000002,2005-06-01,2011-12-25,6.565366187542779,web,0,1,0,0,0,4000000,1,2006-11-13,2006-11-13,1.4521,1.4521,0,0,3.0,0,
c:55592,Wander (f. YongoPal),0,closed,USA,CA,Mountain View,US-West,37.391642,-122.09393500000002,2010-01-01,2013-07-01,3.4962354551676933,mobile,0,0,1,0,0,185000,5,2010-04-01,2011-01-01,0.2466,1.0,1,1,2.0,3,
c:74928,CrowdCompass,1,acquired,USA,OR,Portland,US-West,45.520247,-122.674195,2009-04-01,,2.6940451745379876,mobile,0,0,1,0,0,1300000,1,2011-12-11,2011-12-11,2.6959,2.6959,0,0,1.0,5,
c:2731,Right Media,1,acquired,USA,NY,New York,US-Northeast,40.74632,-73.982607,2003-01-01,,3.79192334017796,advertising,0,0,0,0,0,45000000,1,2006-10-17,2006-10-17,3.7945,3.7945,0,0,1.0,21,
c:32383,Goby,1,acquired,USA,MA,Boston,US-Northeast,42.360253,-71.058291,2008-07-01,,2.302532511978097,search,0,0,0,0,0,2500000,1,2010-10-20,2010-10-20,2.3041,2.3041,0,0,2.0,4,
c:1419,FiveRuns,1,acquired,USA,TX,Austin,US-South,30.280148,-97.749908,2005-02-01,,2.735112936344969,web,0,1,0,0,0,9200000,2,2005-09-01,2007-10-28,0.5808,2.737,0,0,1.0,11,
c:53304,GeekStatus,0,closed,USA,CA,Beverly Hills,US-West,34.066697,-118.383367,2010-08-01,2013-06-01,2.833675564681725,web,0,1,0,0,0,435953,4,2009-02-10,2010-06-12,-1.4712,-0.1369999999999999,0,1,1.0,0,
c:1899,MOLI,0,closed,USA,CT,Hartford,US-Northeast,54.983201,-1.574631,2008-01-01,2010-05-24,2.3928815879534566,network_hosting,0,0,0,0,0,55600000,2,2007-01-01,2008-01-01,-1.0,0.0,0,0,2.0,9,
c:29168,TrenStar,1,acquired,USA,CO,Greenwood Village,US-West,39.616435,-104.879925,2001-01-01,,6.2587268993839835,software,1,0,0,0,0,10000000,1,2007-04-06,2007-04-06,6.263,6.263,1,0,1.0,2,
c:60352,World Blender,0,closed,USA,WA,Seattle,US-West,47.603832,-122.330062,2010-01-01,2011-02-01,1.0841889117043122,games_video,0,0,0,0,0,12000,1,2010-11-01,2010-11-01,0.8329,0.8329,0,1,1.0,3,
c:39507,Zymetis,0,closed,USA,MD,College Park,US-South,38.988766,-76.940952,2006-01-01,2012-12-07,6.93223819301848,biotech,0,0,0,0,1,2257464,2,2010-01-11,2010-01-31,4.0301,4.0849,1,0,1.0,3,
c:82843,Dispatch,1,acquired,USA,NY,New York,US-Northeast,40.729839,-73.991781,2011-05-01,,0.5284052019164955,messaging,0,0,0,0,0,983000,2,2011-07-01,2011-11-10,0.1671,0.5288,0,1,6.0,4,
c:23052,HauteLook,1,acquired,USA,CA,Los Angeles,US-West,34.054935,-118.244476,2007-12-01,,2.5051334702258727,fashion,0,0,0,0,0,41000000,2,2009-05-12,2010-06-03,1.4466,2.5068,0,0,1.5,15,
c:10969,Semantra,0,closed,USA,TX,Addison,US-South,32.969251,-96.823778,2003-01-01,2010-04-25,7.312799452429843,software,1,0,0,0,0,9100000,3,2006-09-01,2008-07-22,3.6685,5.5589,1,0,1.0,0,
c:6150,Inertia Beverage Group,0,closed,USA,CA,Napa,US-West,38.223032,-122.261642,2004-10-22,2013-01-16,8.235455167693361,software,1,0,0,0,0,25500100,3,2007-04-02,2012-01-01,2.4438,7.1973,1,0,2.5,6,
c:46129,Sponge,1,acquired,USA,CA,San Francisco,US-West,37.779281,-122.419236,2010-01-01,,0.29568788501026694,web,0,1,0,0,0,400000,1,2010-04-19,2010-04-19,0.2959,0.2959,0,1,1.0,3,
c:36936,Genesis Networks,1,acquired,USA,NY,New York,US-Northeast,40.730646,-73.986614,2002-01-01,,8.342231348391513,network_hosting,0,0,0,0,0,22165091,10,2006-09-26,2010-05-06,4.737,8.3479,1,0,2.0,4,
c:1760,Mogad,1,acquired,USA,CA,San Francisco,US-West,37.763652,-122.421778,2007-06-01,,0.16700889801505817,network_hosting,0,0,0,0,0,500000,1,2007-08-01,2007-08-01,0.1671,0.1671,0,0,4.0,4,
c:173,Meebo,1,acquired,USA,CA,Mountain View,US-West,37.393679,-122.079017,2005-02-01,,5.880903490759754,web,0,1,0,0,0,70000000,5,2005-10-01,2010-12-20,0.6629999999999999,5.8849,0,0,2.8,29,
c:6520,Accertify,1,acquired,USA,IL,Itasca,US-Midwest,42.048203,-88.03156899999998,2007-03-01,,3.1759069130732374,security,0,0,0,0,0,4700000,2,2008-06-03,2010-05-04,1.2603,3.1781,1,0,1.0,6,
c:1725,N2N Commerce,1,acquired,USA,MA,Cambridge,US-Northeast,37.09024,-95.712891,2006-01-01,2008-01-01,1.998631074606434,ecommerce,0,0,0,0,0,30000000,1,2008-01-03,2008-01-03,2.0055,2.0055,1,0,2.0,1,
c:26007,StreamBase Systems,1,acquired,USA,MA,Lexington,US-Northeast,42.447318,-71.2245,2003-01-01,,9.377138945927447,software,1,0,0,0,0,39000000,5,2005-01-24,2012-05-18,2.0658,9.3836,0,0,3.25,13,
c:16189,Provigent,1,acquired,USA,CA,Santa Clara,US-West,37.381341,-121.977065,2000-01-01,,8.993839835728952,semiconductor,0,0,0,0,0,32000000,3,2006-06-07,2008-12-29,6.4356,9.0,0,0,3.0,10,
c:6117,Navic Networks,1,acquired,USA,MA,Waltham,US-Northeast,42.375518,-71.27229200000002,2000-01-03,,1.1498973305954825,advertising,0,0,0,0,0,42000000,3,2000-02-14,2001-02-26,0.1151,1.1507,0,0,2.6667,7,
c:45696,Integrien,1,acquired,USA,CA,Irvine,US-West,33.685697,-117.825982,2001-01-01,,9.35523613963039,enterprise,0,0,0,1,0,24510540,3,2005-05-16,2010-05-11,4.3726,9.3616,1,0,2.6667,5,
c:56580,Generic Media,0,closed,USA,CA,Palo Alto,US-West,37.441537,-122.158332,2000-01-01,2011-01-28,11.07460643394935,software,1,0,0,0,0,2500000,1,2005-08-26,2005-08-26,5.6548,5.6548,1,0,2.0,0,
c:23072,Persystent Technologies,1,acquired,USA,FL,Tampa,US-South,28.0385347,-82.5068513,2002-01-01,,7.920602327173169,software,1,0,0,0,0,21460663,3,2005-08-08,2009-12-03,3.6027,7.926,0,0,4.5,1,
c:49442,WireImage,1,acquired,USA,NY,New York,US-Northeast,40.730646,-73.986614,2001-01-01,,5.347022587268994,games_video,0,0,0,0,0,15000000,1,2006-05-08,2006-05-08,5.3507,5.3507,0,0,4.0,6,
c:38794,Hello Chair,0,closed,USA,CA,San Francisco,US-West,37.779281,-122.419236,2006-01-01,2013-07-01,7.496235455167693,mobile,0,0,1,0,0,889999,2,2007-06-01,2010-04-12,1.4137,4.2795,1,1,3.5,5,
c:58018,Encentuate,1,acquired,USA,CA,Foster City,US-West,37.573045,-122.2823,2001-01-01,,4.219028062970568,software,1,0,0,0,0,16000000,1,2005-03-22,2005-03-22,4.2219,4.2219,0,0,3.0,6,
c:921,Consorte Media,1,acquired,USA,CA,San Francisco,US-West,37.762185,-122.467269,2005-07-01,,2.4175222450376452,web,0,1,0,0,0,7000000,1,2007-12-01,2007-12-01,2.4192,2.4192,0,0,2.0,5,
c:71120,Triples Media,0,closed,USA,NY,New York,US-Northeast,40.730646,-73.986614,2010-06-01,2013-07-01,3.082819986310746,advertising,0,0,0,0,0,100000,2,2011-03-01,2011-03-01,0.7479,0.7479,0,1,1.0,3,
c:20146,RightsFlow,1,acquired,USA,NY,New York,US-Northeast,40.73901,-73.997259,2007-10-01,,1.9028062970568105,music,0,0,0,0,0,1500000,1,2009-08-26,2009-08-26,1.9041,1.9041,0,0,1.0,13,
c:7440,thePlatform,1,acquired,USA,WA,Seattle,US-West,47.617838,-122.356027,2000-01-01,,6.031485284052019,web,0,1,0,0,0,8000000,1,2006-01-12,2006-01-12,6.0356,6.0356,1,0,1.0,19,
c:512,Docstoc,1,acquired,USA,CA,Santa Monica,US-West,34.018275,-118.495025,2007-08-01,,0.7419575633127995,web,0,1,0,0,0,4000000,2,2007-11-01,2008-04-28,0.2521,0.7425,0,0,3.0,22,
c:25808,TwtBks,0,closed,USA,CA,San Francisco,US-West,37.7611016,-122.4160008,2009-06-20,2012-03-03,2.702258726899384,web,0,1,0,0,0,25000,1,2009-06-26,2009-06-26,0.0164,0.0164,0,1,1.0,3,
c:20117,Zenprise,1,acquired,USA,CA,Redwood City,US-West,37.484347,-122.225803,2003-01-01,,8.999315537303216,mobile,0,0,1,0,0,64630000,6,2005-06-06,2012-01-01,2.4301,9.0055,1,0,3.6667,10,
c:10398,Picateers,0,closed,USA,CA,San Mateo,US-West,40.787878000000006,-74.388207,2005-01-01,2011-11-01,6.830937713894593,web,0,1,0,0,0,12100000,2,2006-01-01,2008-08-25,1.0,3.6493,0,0,1.0,10,
c:14854,Vontu,1,acquired,USA,CA,San Francisco,US-West,37.779281,-122.419236,2001-01-01,,5.607118412046543,software,1,0,0,0,0,20000000,2,2005-03-21,2006-08-11,4.2192,5.6110000000000015,0,0,4.5,9,
c:37647,NextIO,0,closed,USA,TX,Austin,US-South,30.409765000000004,-97.75101,2003-01-01,2013-07-01,10.496919917864476,hardware,0,0,0,0,0,49600000,4,2005-01-11,2012-05-17,2.0301,9.3808,0,0,2.6667,10,
c:18875,Emergent Game Technologies,1,acquired,USA,CA,Calabasas,US-West,34.154942600000005,-118.6545471,2000-01-01,,9.94113620807666,games_video,0,0,0,0,0,51450000,5,2007-07-05,2009-12-10,7.5123,9.9479,1,0,5.6667,3,
c:27591,threadsy,1,acquired,USA,CA,San Francisco,US-West,37.775206,-122.419209,2008-06-01,,2.516084873374401,messaging,0,0,0,0,0,6300000,2,2008-03-27,2010-12-07,-0.1808,2.5178,0,0,2.0,7,
c:76274,Sonar.me,0,closed,USA,NY,New York,US-Northeast,40.750519,-73.993494,2010-01-01,2013-07-17,3.540041067761807,mobile,0,0,1,0,0,200000,1,2012-01-01,2012-01-01,2.0,2.0,0,1,2.0,8,
c:150577,StyleZen,0,closed,USA,OH,Cincinnati,US-Midwest,39.099909,-84.504243,2011-09-01,2013-04-01,1.5824777549623545,fashion,0,0,0,0,0,20000,1,2011-09-01,2011-09-01,0.0,0.0,0,1,1.0,2,
c:12052,Kiva Systems,1,acquired,USA,MA,North Reading,US-Northeast,42.492256,-71.13454899999998,2003-01-01,,3.3921971252566734,hardware,0,0,0,0,0,11600000,2,2003-01-01,2006-05-24,0.0,3.3945,0,0,2.0,13,
c:3180,Krillion,1,acquired,USA,CA,Mountain View,US-West,37.391727,-122.077597,2006-05-01,,0.12046543463381246,web,0,1,0,0,0,9150000,1,2006-06-14,2006-06-14,0.1205,0.1205,0,0,2.0,6,
c:33912,Transactiv,0,closed,USA,OH,Cincinnati,US-Midwest,39.099909,-84.504243,2009-07-01,2013-07-19,4.049281314168378,advertising,0,0,0,0,0,1200000,1,2009-10-13,2009-10-13,0.2849,0.2849,0,0,4.0,2,
c:71372,nprogress,0,closed,USA,CA,Los Angeles,US-West,34.054935,-118.244476,2010-02-01,2012-01-01,1.9137577002053388,social,0,0,0,0,0,1700000,1,2011-12-01,2011-12-01,1.8301,1.8301,0,0,7.0,4,
c:465,Brightkite,1,acquired,USA,CA,Burlingame,US-West,39.762314,-104.982256,2007-01-01,2011-12-01,4.914442162902122,social,0,0,0,0,0,1415000,3,2007-08-01,2009-07-06,0.5808,2.5123,1,1,1.0,9,
c:17430,Peanut Labs,1,acquired,USA,CA,San Francisco,US-West,37.7915,-122.40045,2005-01-01,,3.132101300479124,enterprise,0,0,0,1,0,4200000,2,2006-02-01,2008-02-19,1.0849,3.1342,0,0,1.5,16,
c:4529,FlipKey,1,acquired,USA,MA,Boston,US-Northeast,42.354023,-71.05809599999998,2007-01-01,,1.6344969199178645,web,0,1,0,0,0,500000,2,2007-12-01,2008-08-20,0.9151,1.6356,0,1,2.0,7,
c:41957,AppTrigger,1,acquired,USA,TX,Richardson,US-South,32.997114,-96.676137,2002-01-01,,5.946611909650924,public_relations,0,0,0,0,0,21500000,1,2007-12-13,2007-12-13,5.9507,5.9507,0,0,4.0,1,
c:2889,Footnote,1,acquired,USA,UT,Lindon,US-West,40.3310529,-111.7276347,2006-06-01,,1.5852156057494866,web,0,1,0,0,0,10000000,2,2006-06-16,2008-01-01,0.0411,1.5863,0,0,2.0,4,
c:46042,NextMedium,0,closed,USA,CA,Los Angeles,US-West,34.054935,-118.244476,2004-01-01,2011-12-24,7.9780971937029435,software,1,0,0,0,0,9500000,2,2005-02-01,2006-07-24,1.0877,2.5616,0,0,2.5,7,
c:38504,iosil Energy,0,closed,USA,NM,Albuquerque,US-West,35.084103000000006,-106.650985,2007-01-01,2012-03-04,5.171800136892539,cleantech,0,0,0,0,0,13875001,2,2009-12-24,2012-03-17,2.9808,5.211,0,0,10.0,4,
c:25997,Kurani Interactive,0,closed,USA,NJ,Red Bank,US-Northeast,40.347054,-74.064306,2000-01-01,2013-06-01,13.415468856947296,software,1,0,0,0,0,275000,1,2010-11-25,2010-11-25,10.9068,10.9068,0,1,2.0,5,
c:2953,Kapow Software,1,acquired,USA,CA,Palo Alto,US-West,37.426316,-122.141082,2005-01-01,,5.032169746748802,software,1,0,0,0,0,19743770,3,2005-02-01,2010-01-13,0.0849,5.0356,0,0,2.5,10,
c:49876,Locately,1,acquired,USA,MA,Boston,US-Northeast,42.360253,-71.058291,2008-07-01,,4.016427104722792,software,1,0,0,0,0,1178000,5,2010-08-01,2012-07-07,2.0849,4.0192,0,1,5.0,5,
c:1447,TrustedID,1,acquired,USA,CA,Palo Alto,US-West,37.520592,-122.255907,2005-01-01,,2.7926078028747434,security,0,0,0,0,0,25000000,3,2005-10-01,2007-10-18,0.7479,2.7945,0,0,2.0,5,
c:26114,Ciclon Semiconductor Device Corporation,1,acquired,USA,PA,Bethlehem,US-Northeast,40.60157589999999,-75.3611135,2004-01-01,,3.1786447638603694,semiconductor,0,0,0,0,0,24150000,3,2005-08-02,2007-03-07,1.5863,3.1808,1,0,2.0,1,
c:25688,Azingo,0,closed,USA,CA,Sunnyvale,US-West,37.382162,-122.036301,2005-01-01,2009-08-11,4.607802874743326,mobile,0,0,1,0,0,80000000,2,2006-10-01,2008-07-18,1.7479,3.5452,0,0,1.0,4,
c:335,Vudu,1,acquired,USA,CA,Santa Clara,US-West,37.354469,-121.990433,2004-01-01,,3.323750855578371,hardware,0,0,0,0,0,36000000,2,2005-06-01,2007-04-29,1.4164,3.326,0,0,3.5,11,
c:10153,"ITOG, Inc.",0,closed,USA,MO,Saint Louis,US-Midwest,38.703764,-90.443832,2006-09-19,2010-04-16,3.572895277207392,network_hosting,0,0,0,0,0,205000,1,2008-02-11,2008-02-11,1.3973,1.3973,0,1,1.0,1,
c:27,Plaxo,1,acquired,USA,CA,Sunnyvale,US-West,37.387845,-122.055197,2002-11-17,,4.20807665982204,web,0,1,0,0,0,28300000,4,2002-11-01,2007-02-01,-0.0438,4.211,0,0,2.5,27,
c:1957,Sharetivity,0,closed,USA,CA,Palo Alto,US-West,37.550954,-122.315396,2007-07-07,2012-11-11,5.349760438056126,web,0,1,0,0,0,2000000,1,2006-05-01,2006-05-01,-1.1836,-1.1836,0,0,1.0,1,
c:63,YouTube,1,acquired,USA,CA,San Bruno,US-West,37.627971,-122.426804,2005-02-01,,1.160848733744011,games_video,0,0,0,0,0,11500000,2,2005-11-01,2006-04-01,0.7479,1.1616,0,0,1.0,63,
c:58699,Hashable,0,closed,USA,NY,New York City,US-Northeast,40.730646,-73.986614,2010-01-01,2012-07-25,2.5626283367556466,mobile,0,0,1,0,0,4000000,1,2010-11-22,2010-11-22,0.8904,0.8904,0,0,3.0,15,
c:43386,MyNines,0,closed,USA,NY,New York,US-Northeast,40.74929,-73.981328,2009-08-01,2011-08-05,2.0095824777549622,ecommerce,0,0,0,0,0,500000,1,2010-04-19,2010-04-19,0.7151,0.7151,0,1,1.0,2,
c:3717,itzbig,0,closed,USA,TX,Austin,US-South,30.387275,-97.759511,2006-06-01,2010-03-24,3.811088295687885,search,0,0,0,0,0,4000000,1,2007-02-27,2007-02-27,0.7425,0.7425,0,0,2.0,9,
c:70893,Loosecubes,0,closed,USA,NY,Brooklyn,US-Northeast,40.650104,-73.94958199999998,2010-01-01,2012-01-01,1.998631074606434,web,0,1,0,0,0,9030000,2,2010-01-01,2012-06-05,0.0,2.4274,0,1,4.0,8,
c:24727,Avid Radiopharmaceuticals,1,acquired,USA,PA,Philadelphia,US-Northeast,39.952399,-75.16359,2005-01-01,,4.383299110198494,biotech,0,0,0,0,1,69900000,4,2005-01-25,2009-05-21,0.0658,4.3863,0,1,4.75,15,
c:162219,Contur,0,closed,USA,CA,Los Angeles,US-West,34.050451,-118.437775,2011-09-01,2012-11-01,1.1690622861054072,messaging,0,0,0,0,0,20000,1,2012-05-01,2012-05-01,0.6658,0.6658,0,1,1.0,2,
c:12178,ExactTarget,1,acquired,USA,IN,Indianapolis,US-Midwest,39.7672093,-86.1580785,2000-12-01,,11.89596167008898,software,1,0,0,0,0,238209999,7,2004-07-21,2012-10-24,3.6384,11.9041,1,0,2.0,29,
c:23487,Rhythmia Medical,1,acquired,USA,MA,Burlington,US-Northeast,42.504817,-71.195611,2004-01-01,,6.729637234770705,medical,0,0,0,0,0,14700000,3,2007-02-06,2010-09-24,3.1014,6.7342,1,0,1.0,3,
c:3400,MyMiniLife,1,acquired,USA,CA,Palo Alto,US-West,37.437328,-122.159928,2007-01-01,,0.8706365503080082,games_video,0,0,0,0,0,430000,3,2006-11-15,2007-11-15,-0.1288,0.8712,0,1,1.6667,4,
c:176278,Adept Cloud,1,acquired,USA,CA,San Mateo,US-West,37.538352,-122.299665,2011-06-01,,1.4209445585215605,enterprise,0,0,0,1,0,1015000,2,2012-10-01,2012-11-01,1.337,1.4219,1,0,1.0,5,
c:22113,Factery,0,closed,USA,CA,Menlo Park,US-West,37.4484914,-122.1802812,2009-04-01,2013-01-17,3.7973990417522243,web,0,1,0,0,0,1200000,1,2009-09-10,2009-09-10,0.4438,0.4438,1,0,2.0,2,
c:5617,"MeetMe, Inc.",1,acquired,USA,PA,New Hope,US-Northeast,40.364273,-74.951278,2005-04-01,,3.326488706365503,web,0,1,0,0,0,17100000,2,2007-01-29,2008-07-29,1.8301,3.3288,0,0,2.5,16,
c:15996,WildBlue,1,acquired,USA,CO,Englewood,US-West,39.6478,-104.9875,2004-01-01,,4.673511293634497,web,0,1,0,0,0,50000000,1,2008-09-03,2008-09-03,4.6767,4.6767,1,0,4.0,0,
c:46893,HeadCase Humanufacturing,0,closed,USA,CA,Los Angeles,US-West,34.054935,-118.244476,2006-01-01,2012-01-01,5.9986310746064335,software,1,0,0,0,0,900000,1,2006-08-28,2006-08-28,0.6548,0.6548,0,0,1.0,3,
c:1753,bluepulse,0,closed,USA,CA,San Mateo,US-West,37.563905,-122.324688,1990-04-10,2010-01-01,19.72895277207392,network_hosting,0,0,0,0,0,6000000,1,2007-04-01,2007-04-01,16.9863,16.9863,0,0,1.0,7,
c:22057,Mr. Youth,1,acquired,USA,NY,New York,US-Northeast,40.729839,-73.991781,2002-01-01,,7.085557837097878,advertising,0,0,0,0,0,15100000,2,2002-10-01,2009-02-01,0.7479,7.0904,0,1,1.0,5,
c:35887,Teknovus,1,acquired,USA,CA,Petaluma,US-West,38.232583,-122.636465,2001-01-01,,8.873374401095141,semiconductor,0,0,0,0,0,62600000,5,2002-01-01,2009-11-16,1.0,8.8795,1,0,9.3333,7,
c:1628,Qik,1,acquired,USA,CA,Redwood City,US-West,37.486368,-122.230116,2006-06-01,,4.59958932238193,mobile,0,0,1,0,0,14800000,4,2008-04-09,2011-01-06,1.8575,4.6027,1,0,2.25,15,
c:4453,EQAL,1,acquired,USA,CA,North Hollywood,US-West,34.172904,-118.37403700000002,2008-04-01,,3.14031485284052,web,0,1,0,0,0,6875000,2,2008-04-16,2011-05-23,0.0411,3.1425,1,0,7.0,30,
c:16973,IonLogix Systems,0,closed,USA,TX,Waco,US-South,31.5682893,-97.1973664,2007-12-11,2011-02-02,3.1457905544147846,software,1,0,0,0,0,30000,1,2008-10-24,2008-10-24,0.8712,0.8712,0,1,1.0,1,
c:47689,Atrica,0,closed,USA,CA,Santa Clara,US-West,37.386778,-121.966277,2000-01-01,2007-12-13,7.94798083504449,public_relations,0,0,0,0,0,22200000,1,2006-04-05,2006-04-05,6.263,6.263,0,0,9.0,10,
c:459,Socialthing,1,acquired,USA,CO,Boulder,US-West,40.0186731,-105.2762236,2007-05-18,,0.432580424366872,network_hosting,0,0,0,0,0,415000,2,2007-08-01,2007-10-23,0.2055,0.4329,0,1,1.0,6,
c:3094,Next New Networks,1,acquired,USA,NY,New York,US-Northeast,40.743808,-73.983626,2007-03-01,,3.8302532511978096,web,0,1,0,0,0,27063781,4,2007-01-01,2010-12-29,-0.1616,3.8329,0,0,3.5,16,
c:12468,AdECN,1,acquired,USA,CA,Carpinteria,US-West,34.394343,-119.51231,2003-01-01,,3.0855578370978782,advertising,0,0,0,0,0,3100000,1,2006-02-01,2006-02-01,3.0877,3.0877,0,0,5.0,6,
c:856,Cuil,0,closed,USA,CA,Menlo Park,US-West,37.451124,-122.16626399999998,2005-01-01,2010-09-01,5.664613278576318,search,0,0,0,0,0,33000000,2,2007-03-01,2008-04-15,2.1616,3.2877,0,0,2.5,13,
c:16276,Sensory Networks,1,acquired,USA,CA,Mountain View,US-West,37.430025,-122.09998,2003-01-01,,4.999315537303217,web,0,1,0,0,0,17400000,3,2005-10-10,2008-01-01,2.7753,5.0027,1,0,5.0,2,
c:410,Flock,1,acquired,USA,CA,Menlo Park,US-West,37.491356,-122.228843,2005-01-01,,3.383983572895277,web,0,1,0,0,0,28300000,5,2005-01-01,2008-05-21,0.0,3.3863,0,1,2.0,17,
c:726,AdMob,1,acquired,USA,CA,Mountain View,US-West,37.563585,-122.324621,2006-12-01,,2.16290212183436,advertising,0,0,0,0,0,46800000,4,2006-09-01,2009-01-29,-0.2493,2.1644,0,0,2.5,42,
c:8573,FeeFighters,1,acquired,USA,IL,Chicago,US-Midwest,41.879535,-87.624333,2009-01-01,,2.028747433264887,ecommerce,0,0,0,0,0,1525000,3,2010-05-01,2011-01-12,1.3288,2.0301,0,1,2.6667,5,
c:102867,WeHostels,1,acquired,USA,NY,New York City,US-Northeast,40.730646,-73.986614,2011-11-15,,0.3394934976043806,travel,0,0,0,0,0,1200000,1,2012-03-18,2012-03-18,0.3397,0.3397,0,1,5.0,9,
c:431,TimeBridge,1,acquired,USA,CA,Mountain View,US-West,37.391642,-122.09393500000002,2005-05-01,,4.027378507871321,web,0,1,0,0,0,12400000,3,2005-07-05,2009-05-11,0.1781,4.0301,1,0,1.6667,6,
c:60516,Lazarus Therapeutics,0,closed,USA,PA,West Chester,US-Northeast,39.959721,-75.605964,2006-01-01,2012-02-01,6.083504449007529,biotech,0,0,0,0,1,100000,1,2010-08-02,2010-08-02,4.5863,4.5863,1,0,1.0,1,
c:43832,Loyalty Lab,1,acquired,USA,CA,San Francisco,US-West,37.779281,-122.419236,2003-01-01,,7.323750855578371,software,1,0,0,0,0,11000000,3,2005-03-22,2010-04-29,2.2219,7.3288,1,1,1.6667,4,
c:83142,RentStuff.com,1,acquired,USA,TN,Nashville,US-South,36.16223,-86.774353,2010-01-01,,2.2778918548939084,web,0,1,0,0,0,675000,2,2011-05-05,2012-04-12,1.3397,2.2795,0,1,1.5,3,
c:9669,ZManda,1,acquired,USA,CA,Sunnyvale,US-West,37.3725243,-122.035963,2005-01-01,,2.3846680355920604,software,1,0,0,0,0,13000000,2,2005-01-01,2007-05-22,0.0,2.3863,0,0,2.5,5,
c:62802,Jumo,1,acquired,USA,NY,New York,US-Northeast,40.728425,-73.999882,2010-02-01,,0.7474332648870636,social,0,0,0,0,0,3500000,1,2010-11-01,2010-11-01,0.7479,0.7479,0,0,2.0,5,
c:56568,Sionex,0,closed,USA,MA,Bedford,US-Northeast,42.49173,-71.28179499999997,2001-01-01,2010-08-06,9.593429158110883,hardware,0,0,0,0,0,12000000,1,2005-12-07,2005-12-07,4.9342,4.9342,0,0,4.0,2,
c:531,sezmi,1,acquired,USA,CA,Belmont,US-West,37.524422,-122.265869,2007-01-01,,4.848733744010952,games_video,0,0,0,0,0,78573646,5,2007-08-01,2011-11-07,0.5808,4.8521,0,0,4.3333,10,
c:10158,StudioNow,1,acquired,USA,TN,Nashville,US-South,36.13996,-86.796377,2007-01-01,,6.078028747433265,photo_video,0,0,0,0,0,15286415,3,2007-06-15,2013-01-29,0.4521,6.0822,0,0,1.0,2,
c:11438,PicApp,1,acquired,USA,CA,San Francisco,US-West,37.79402,-122.4031242,2008-01-01,,0.7118412046543463,web,0,1,0,0,0,3200000,1,2008-09-17,2008-09-17,0.7123,0.7123,0,0,1.0,5,
c:75796,Million Dollar Earth,0,closed,USA,WA,Puyallup,US-West,47.184901,-122.292141,2011-03-01,2012-10-01,1.5879534565366187,advertising,0,0,0,0,0,30000,1,2011-03-07,2011-03-07,0.0164,0.0164,0,1,2.0,1,
c:45428,Composite Software,1,acquired,USA,CA,San Mateo,US-West,37.538352,-122.299665,2002-01-01,,10.811772758384668,software,1,0,0,0,0,14650003,3,2002-01-01,2012-10-24,0.0,10.8192,0,1,1.0,28,
c:16365,Terracotta,1,acquired,USA,CA,San Francisco,US-West,37.7710177,-122.4025976,2003-01-01,,5.66735112936345,software,1,0,0,0,0,23500000,2,2006-02-27,2008-09-01,3.1589,5.6712,1,0,5.0,9,
c:46889,FireStar Software,0,closed,USA,MA,Boxborough,US-Northeast,42.493447,-71.514104,2001-01-01,2010-04-29,9.322381930184806,software,1,0,0,0,0,980000,1,2006-01-03,2006-01-03,5.0082,5.0082,0,0,1.0,2,
c:16264,Aquest Systems,0,closed,USA,CA,Sunnyvale,US-West,37.390956,-122.032795,2004-01-01,2010-11-10,6.8583162217659135,hardware,0,0,0,0,0,20000000,1,2007-02-26,2007-02-26,3.1562,3.1562,0,0,3.0,0,
c:1253,Faves,0,closed,USA,WA,Seattle,US-West,47.603327,-122.334983,2004-12-01,2011-12-31,7.080082135523614,web,0,1,0,0,0,1500000,1,2004-01-01,2004-01-01,-0.9178,-0.9178,0,0,3.0,4,
c:2838,Generate,1,acquired,USA,CA,Santa Monica,US-West,34.031328,-118.471463,2004-01-01,,5.533196440793977,games_video,0,0,0,0,0,8000000,2,2008-03-04,2009-07-14,4.1753,5.537000000000001,0,0,1.5,0,
c:732,Attributor,1,acquired,USA,CA,San Mateo,US-West,37.453687,-122.228595,2005-10-01,,4.689938398357289,software,1,0,0,0,0,25200000,4,2006-01-28,2010-06-10,0.326,4.6932,0,0,4.0,13,
c:1853,Greenplum Software,1,acquired,USA,CA,San Mateo,US-West,37.552262,-122.292146,2003-06-01,,4.58590006844627,software,1,0,0,0,0,61000000,4,2006-03-01,2008-01-01,2.7507,4.589,0,0,3.0,21,
c:971,PlaySpan,1,acquired,USA,CA,Santa Clara,US-West,37.396312,-121.961396,2006-05-01,,4.301163586584531,games_video,0,0,0,0,0,46300000,4,2007-09-01,2010-08-19,1.337,4.3041,1,0,4.25,12,
c:1107,JackBe,1,acquired,USA,MD,Chevy Chase,US-South,38.963492,-77.091025,2002-01-01,,8.265571526351813,software,1,0,0,0,0,24500000,4,2006-01-10,2010-04-08,4.0274,8.2712,0,0,4.3333,15,
c:17252,D2C Games,0,closed,USA,CA,San Mateo,US-West,37.496904,-122.333057,2006-01-01,2008-02-26,2.1519507186858315,games_video,0,0,0,0,0,7500000,2,2006-12-27,2007-08-29,0.9863,1.6575,0,0,1.0,1,
c:997,Zimbra,1,acquired,USA,CA,Palo Alto,US-West,37.557637,-122.28571399999998,2003-01-01,,3.247091033538672,enterprise,0,0,0,1,0,14500000,1,2006-04-01,2006-04-01,3.2493,3.2493,0,0,9.0,19,
c:30307,Smith & Tinker,0,closed,USA,WA,Bellevue,US-West,47.5827803,-122.1548103,2007-01-01,2012-11-08,5.853524982888432,games_video,0,0,0,0,0,29000000,1,2009-08-25,2009-08-25,2.6493,2.6493,1,0,5.0,1,
c:16271,Mu Dynamics,1,acquired,USA,CA,Sunnyvale,US-West,37.390233,-122.033741,2005-01-01,,3.378507871321013,network_hosting,0,0,0,0,0,24000000,3,2005-01-01,2008-05-19,0.0,3.3808,0,0,2.6667,5,
c:22712,Fulcrum Microsystems,1,acquired,USA,CA,Calabasas,US-West,34.1411985,-118.7040908,2000-01-01,,10.20123203285421,semiconductor,0,0,0,0,0,81017493,4,2005-05-09,2010-03-15,5.3562,10.2082,1,0,5.6667,2,
c:9782,ReTel Technologies,1,acquired,USA,CA,San Francisco,US-West,41.78942,-87.596232,2007-10-01,,2.1711156741957565,analytics,0,0,0,0,0,1000000,2,2009-08-06,2009-12-02,1.8493,2.1726,0,1,4.5,4,
c:68169,NexGen Storage,1,acquired,USA,CO,Louisville,US-West,39.977763,-105.13193,2010-01-01,,1.8699520876112252,software,1,0,0,0,0,12010000,2,2011-02-07,2011-11-15,1.1014,1.8712,1,0,2.5,14,
c:55354,WAY Systems,1,acquired,USA,MA,Woburn,US-Northeast,42.479262,-71.152277,2002-01-01,,3.753593429158111,mobile,0,0,1,0,0,22000000,1,2005-10-03,2005-10-03,3.7562,3.7562,0,0,4.0,2,
c:31488,Roxro Pharma,0,closed,USA,CA,Menlo Park,US-West,37.459177,-122.173907,1999-01-01,2001-01-01,2.001368925393566,biotech,0,0,0,0,1,42700000,1,2007-06-12,2007-06-12,8.4493,8.4493,0,0,3.0,1,
c:17542,Intelliden,1,acquired,USA,CA,Menlo Park,US-West,37.4587657,-122.1725191,2000-01-01,,7.38672142368241,software,1,0,0,0,0,80000000,3,2005-12-21,2007-05-22,5.9753,7.3918,1,0,4.0,5,
c:44268,Forrst,1,acquired,USA,CA,Campbell,US-West,37.288326,-121.945633,2010-01-25,,1.158110882956879,web,0,1,0,0,0,205000,1,2011-03-24,2011-03-24,1.1589,1.1589,0,1,7.0,3,
c:51228,XGraph,1,acquired,USA,NY,New York,US-Northeast,40.730646,-73.986614,2008-10-01,,1.7631759069130732,analytics,0,0,0,0,0,3750000,1,2010-07-07,2010-07-07,1.7644,1.7644,0,0,1.0,5,
c:71852,Color Labs Inc.,0,closed,USA,CA,Palo Alto,US-West,37.441537,-122.158332,2010-08-01,2013-06-01,2.833675564681725,other,0,0,0,0,0,41000000,2,2010-08-01,2011-03-23,0.0,0.6411,0,0,1.5,11,
c:23125,Playdom,1,acquired,USA,CA,Palo Alto,US-West,37.393536,-122.076747,2008-02-01,,2.3846680355920604,games_video,0,0,0,0,0,76000000,2,2009-11-11,2010-06-21,1.7781,2.3863,0,0,4.0,37,
c:37928,Digital Reef,1,acquired,USA,MA,Boxborough,US-Northeast,42.493447,-71.514104,2006-01-01,,2.74880219028063,enterprise,0,0,0,1,0,20000000,2,2006-01-01,2008-10-01,0.0,2.7507,0,0,1.0,9,
c:65916,Servio,1,acquired,USA,CA,San Francisco,US-West,37.779281,-122.419236,2009-04-30,,3.8494182067077345,analytics,0,0,0,0,0,9356180,2,2010-08-13,2013-03-06,1.2877,3.8521,0,0,1.5,11,
c:2245,Advaliant,0,closed,USA,NY,New York,US-Northeast,40.743662,-73.984268,2013-04-16,2009-05-04,-3.9507186858316223,advertising,0,0,0,0,0,100000,1,2004-04-01,2004-04-01,-9.0466,-9.0466,0,1,1.0,6,
c:16618,Vocalocity,1,acquired,USA,GA,Atlanta,US-South,33.7812614,-84.36756170000002,2007-01-01,,4.657084188911704,software,1,0,0,0,0,13600000,2,2009-01-28,2011-08-29,2.0767,4.6603,0,0,3.0,9,
c:1541,Dapper,1,acquired,USA,CA,San Francisco,US-West,37.7766184,-122.3938931,2006-10-01,2010-11-16,4.125941136208077,advertising,0,0,0,0,0,3000000,1,2007-12-01,2007-12-01,1.1671,1.1671,0,0,2.0,19,
c:15687,SeeSaw Networks,0,closed,USA,CA,San Francisco,US-West,37.791564,-122.399981,2005-01-01,2012-01-01,6.997946611909651,advertising,0,0,0,0,0,21138876,5,2006-11-16,2011-06-23,1.874,6.4767,1,0,2.0,4,
c:20889,oneforty,1,acquired,USA,MA,Cambridge,US-Northeast,42.36401400000001,-71.101375,2009-03-31,,0.783025325119781,enterprise,0,0,0,1,0,2345000,4,2009-06-10,2010-01-11,0.1945,0.7836,0,1,5.75,13,
c:2272,Smalltown,0,closed,USA,CA,San Mateo,US-West,37.566123,-122.323045,2005-01-15,2010-01-04,4.969199178644764,web,0,1,0,0,0,4000000,1,2005-11-01,2005-11-01,0.7945,0.7945,0,0,1.0,7,
c:5043,Skyrider,0,closed,USA,CA,Mountain View,US-West,37.406914,-122.09037,2003-01-01,2008-10-15,5.7878165639972625,software,1,0,0,0,0,17000000,2,2006-10-23,2008-03-05,3.811,5.1781,1,0,3.0,2,
c:42193,SkillSlate,1,acquired,USA,NY,New York,US-Northeast,40.750519,-73.993494,2009-01-01,,1.7987679671457906,web,0,1,0,0,0,1100000,1,2010-10-20,2010-10-20,1.8,1.8,0,1,8.0,8,
c:60521,AwesomeTouch,1,acquired,USA,KY,Lexington,US-South,38.046407,-84.497039,2010-07-26,,0.8487337440109514,software,1,0,0,0,0,59700,4,2010-04-30,2011-06-01,-0.2384,0.8493,0,1,1.0,3,
c:4881,Syncplicity,1,acquired,USA,CA,Menlo Park,US-West,37.814202,-122.477959,2008-11-03,,-0.008213552361396304,enterprise,0,0,0,1,0,2350000,1,2008-10-31,2008-10-31,-0.0082,-0.0082,0,0,2.0,12,
c:7345,Fortisphere,0,closed,USA,VA,Chantilly,US-South,38.87804000000001,-77.436151,2006-01-01,2010-05-01,4.328542094455853,software,1,0,0,0,0,10000000,1,2007-11-19,2007-11-19,1.8822,1.8822,0,0,2.0,2,
c:103204,PlayerDuel,0,closed,USA,CA,Palo Alto,US-West,37.424298,-122.139809,2011-01-01,2013-05-01,2.329911019849418,mobile,0,0,1,0,0,21189,2,2011-09-05,2012-06-13,0.6767,1.4493,1,1,1.0,2,
c:25743,Aveksa,1,acquired,USA,MA,Waltham,US-Northeast,42.3988661,-71.253781,2004-01-01,,5.152635181382615,software,1,0,0,0,0,28000000,3,2006-06-14,2009-02-25,2.4521,5.1562,0,0,2.6667,7,
c:55829,PANTA Systems,0,closed,USA,CA,Santa Clara,US-West,37.386778,-121.966277,2002-01-01,2011-02-14,9.119780971937029,software,1,0,0,0,0,9500000,1,2005-05-01,2005-05-01,3.3315,3.3315,1,0,2.0,0,
c:26556,Beceem Communications,1,acquired,USA,CA,Santa Clara,US-West,37.352313,-121.967982,2003-10-01,,5.557837097878165,semiconductor,0,0,0,0,0,69600000,3,2005-06-30,2009-04-22,1.7479,5.5616,1,0,7.6667,5,
c:29312,Trust Digital,1,acquired,USA,VA,McLean,US-South,38.919954,-77.21249300000002,2003-03-01,,6.412046543463381,mobile,0,0,1,0,0,23500000,3,2005-11-04,2009-07-29,2.6822,6.4164,1,0,3.6667,11,
c:3050,Sabrix,1,acquired,USA,OR,Lake Oswego,US-West,45.413842,-122.725662,2002-01-01,,4.468172484599589,software,1,0,0,0,0,13000000,1,2006-06-21,2006-06-21,4.4712,4.4712,0,0,4.0,6,
c:2709,Panther Express,1,acquired,USA,NY,New York,US-Northeast,40.73901,-73.997259,2005-01-01,,3.154004106776181,games_video,0,0,0,0,0,21750000,2,2006-07-25,2008-02-27,1.5616,3.1562,1,0,2.0,8,
c:53946,T-Networks,0,closed,USA,PA,Allentown,US-Northeast,40.602206,-75.47127900000002,2000-01-01,2011-09-06,11.679671457905544,public_relations,0,0,0,0,0,5750000,1,2005-02-28,2005-02-28,5.1644,5.1644,0,0,4.0,0,
c:28752,BlueNote Networks,1,acquired,USA,ME,Tewksbury,US-Northeast,42.645342,-71.23454699999998,2005-01-01,,1.1745379876796715,software,1,0,0,0,0,23400000,2,2005-09-26,2006-03-06,0.7342,1.1753,0,0,2.5,1,
c:1148,Predictify,0,closed,USA,CA,Redwood City,US-West,37.48657100000001,-122.229161,2007-03-01,2009-08-01,2.4202600958247777,advertising,0,0,0,0,0,4300000,1,2008-03-25,2008-03-25,1.0685,1.0685,0,0,2.0,4,
c:1967,BreakingPoint Systems,1,acquired,USA,TX,Austin,US-South,30.384453000000004,-97.709809,2005-08-28,,4.648870636550308,security,0,0,0,0,0,20000000,2,2007-11-12,2010-04-22,2.2082,4.6521,1,0,2.0,1,
c:27142,OptiMedica,1,acquired,USA,CA,Santa Clara,US-West,37.3777985,-121.9744545,2004-01-01,,9.35523613963039,biotech,0,0,0,0,1,51000000,2,2008-03-26,2013-05-10,4.2356,9.3616,0,0,3.5,16,
c:42123,Metatomix,1,acquired,USA,MA,Dedham,US-Northeast,42.241765,-71.166164,2000-01-01,,10.130047912388775,enterprise,0,0,0,1,0,27101994,4,2003-09-08,2010-02-17,3.6877,10.137,1,0,4.6667,2,
c:41656,Neterion,1,acquired,USA,CA,Cupertino,US-West,37.320309,-122.05004,2001-01-01,,5.147159479808351,public_relations,0,0,0,0,0,6480000,1,2006-02-24,2006-02-24,5.1507,5.1507,0,0,3.0,6,
c:16145,Schooner Information Technology,1,acquired,USA,CA,Sunnyvale,US-West,37.477037,-122.15164,2007-05-01,,2.2313483915126624,enterprise,0,0,0,1,0,35000000,2,2007-10-01,2009-07-24,0.4192,2.2329,0,0,2.5,8,
c:6964,Swaptree Inc.,0,closed,USA,MA,Boston,US-Northeast,42.358956,-71.054776,2010-01-01,2013-05-01,3.3292265571526354,web,0,1,0,0,0,11300000,3,2006-07-01,2010-05-25,-3.5068,0.3945,1,0,1.0,5,
c:155821,Nalace Corporation,0,closed,USA,GA,Lawrenceville,US-South,33.956215,-83.987962,2012-01-01,2013-05-01,1.3305954825462012,ecommerce,0,0,0,0,0,19000,1,2012-04-19,2012-04-19,0.2986,0.2986,0,1,1.0,1,
c:49052,Quidsi,1,acquired,USA,NJ,Jersey City,US-Northeast,40.728158,-74.077642,2005-01-01,,5.297741273100616,ecommerce,0,0,0,0,0,78500000,6,2006-09-01,2010-04-20,1.6658,5.3014,0,0,3.4,27,
c:167795,spotdock,0,closed,USA,NY,NYC,US-Northeast,40.730646,-73.986614,2011-11-15,2013-06-01,1.5441478439425051,web,0,1,0,0,0,600000,1,2012-01-10,2012-01-10,0.1534,0.1534,0,1,2.0,4,
c:34152,Netcordia,1,acquired,USA,MD,Annapolis,US-South,38.97864000000001,-76.492786,2000-01-01,,6.579055441478439,network_hosting,0,0,0,0,0,13000000,2,2005-06-28,2006-07-31,5.4932,6.5836,0,0,1.5,3,
c:3027,SearchMe,0,closed,USA,CA,Mountain View,US-West,37.386665,-122.084171,2005-07-01,2009-10-21,4.306639288158795,search,0,0,0,0,0,43600000,5,2005-07-01,2008-05-01,0.0,2.8356,0,0,3.0,7,
c:10176,Yammer,1,acquired,USA,CA,San Francisco,US-West,37.776246,-122.4179223,2008-09-10,,3.468856947296372,enterprise,0,0,0,1,0,142000000,5,2009-01-19,2012-02-29,0.3589,3.4712,0,0,5.2,38,
c:50076,Clever Sense,1,acquired,USA,CA,Mountain View,US-West,37.406914,-122.09037,2008-04-11,,3.3045859000684463,web,0,1,0,0,0,2000000,2,2010-06-17,2011-08-01,2.1836,3.3068,1,0,1.5,6,
c:26122,AlterPoint,1,acquired,USA,TX,Austin,US-South,30.354768,-97.798152,2001-01-01,,4.043805612594114,software,1,0,0,0,0,26800000,3,2003-01-01,2005-01-17,2.0,4.0466,0,0,3.0,4,
c:17501,Shocking Technologies,0,closed,USA,CA,San Jose,US-West,37.261986,-121.784279,2006-01-01,2013-04-01,7.2470910335386725,hardware,0,0,0,0,0,55900000,6,2007-04-17,2012-05-21,1.2904,6.3889999999999985,1,0,3.2,2,
c:1613,Ribbit,1,acquired,USA,CA,Mountain View,US-West,37.386665,-122.084171,2005-02-23,,2.811772758384668,mobile,0,0,1,0,0,11000000,2,2006-10-01,2007-12-17,1.6027,2.8137,0,0,2.0,14,
c:41484,StorSimple,1,acquired,USA,CA,Santa Clara,US-West,37.386778,-121.966277,2009-01-01,,2.4722792607802875,enterprise,0,0,0,1,0,31500000,3,2009-06-01,2011-06-23,0.4137,2.474,0,0,3.3333,19,
c:76102,NationalField,1,acquired,USA,DC,Washington,US-South,38.894955,-77.03664599999998,2009-06-12,,3.383983572895277,enterprise,0,0,0,1,0,1500000,1,2012-10-30,2012-10-30,3.3863,3.3863,1,0,2.0,4,
c:76765,Tripl,0,closed,USA,NY,New York,US-Northeast,40.729839,-73.991781,2011-05-17,2013-07-01,2.1245722108145104,social,0,0,0,0,0,900000,3,2011-05-20,2012-07-09,0.0082,1.1479,0,1,1.5,5,
c:24986,Sadra Medical,1,acquired,USA,CA,Campbell,US-West,37.2615879,-121.9578487,2003-01-01,,6.3874058863791925,biotech,0,0,0,0,1,58000000,3,2004-06-17,2009-05-22,1.4603,6.3918,0,0,5.0,4,
c:14593,expressor software,1,acquired,USA,MA,Burlington,US-Northeast,42.48510200000001,-71.211568,2007-01-01,,4.963723477070499,software,1,0,0,0,0,29050000,4,2007-07-01,2011-12-19,0.4959,4.9671,1,0,2.6667,10,
c:138030,NSFW Corporation,1,acquired,USA,NV,Las Vegas,US-West,36.170538,-115.101942,2011-01-01,,2.4503764544832305,news,0,0,0,0,0,250000,2,2011-10-05,2013-06-14,0.7589,2.4521,0,1,1.5,3,
c:45339,Azaire Networks,0,closed,USA,CA,Santa Clara,US-West,37.386778,-121.966277,2003-01-01,2011-12-29,8.991101984941821,software,1,0,0,0,0,21000000,1,2006-08-25,2006-08-25,3.6493,3.6493,0,0,4.0,2,
c:1214,Quigo,1,acquired,USA,NY,New York,US-Northeast,40.907974,-73.84179,2000-01-01,,7.430527036276523,advertising,0,0,0,0,0,35000000,2,2004-03-01,2007-06-07,4.1671,7.4356,1,0,3.5,25,
c:63731,Weatherista,0,closed,USA,CA,San Francisco,US-West,37.779281,-122.419236,2010-08-16,2012-09-01,2.0451745379876796,web,0,1,0,0,0,500000,1,2010-08-15,2010-08-15,-0.0027,-0.0027,0,1,1.0,2,
c:47848,Navini Networks,1,acquired,USA,TX,Richardson,US-South,32.997114,-96.676137,2000-01-01,,6.469541409993155,public_relations,0,0,0,0,0,30920000,2,2005-08-10,2006-06-21,5.6110000000000015,6.474,1,0,3.5,3,
c:5347,VirtualLogix,1,acquired,USA,CA,Sunnyvale,US-West,37.409147,-122.01546299999998,2002-01-01,,8.030116358658454,software,1,0,0,0,0,29288979,4,2004-01-01,2010-01-12,2.0,8.0356,1,0,2.6667,9,
c:14993,Exit41,0,closed,USA,MA,Andover,US-Northeast,42.6555302,-71.1455618,1999-01-01,2013-05-01,14.329911019849419,software,1,0,0,0,0,24200000,4,2007-02-04,2011-05-12,8.0986,12.3671,1,0,2.3333,11,
c:1223,SezWho,1,acquired,USA,CA,Los Altos,US-West,37.351894,-122.085807,2006-10-01,,0.999315537303217,web,0,1,0,0,0,1000000,1,2007-10-01,2007-10-01,1.0,1.0,0,0,1.0,4,
c:55421,Jobs2Web,1,acquired,USA,MN,Minnetonka,US-Midwest,44.912723,-93.499059,2003-01-01,,3.055441478439425,web,0,1,0,0,0,5550000,2,2004-01-01,2006-01-21,1.0,3.0575,0,1,1.0,3,
c:28403,HighlightCam,0,closed,USA,CA,Mountain View,US-West,37.4063024,-122.1088743,2009-07-27,2013-10-30,4.26009582477755,mobile,0,0,1,0,0,3000000,2,2009-06-01,2011-11-29,-0.1534,2.3425,0,1,3.5,8,
c:1283,MerchantCircle,1,acquired,USA,CA,Mountain View,US-West,37.391642,-122.09393500000002,2005-10-01,,1.9164955509924708,web,0,1,0,0,0,14300000,2,2006-06-05,2007-09-01,0.6767,1.9178,0,0,4.5,13,
c:49621,Helicomm,0,closed,USA,CA,San Diego,US-West,32.901049,-117.192656,2002-01-01,2013-03-15,11.200547570157427,network_hosting,0,0,0,0,0,1000000,1,2006-03-21,2006-03-21,4.2192,4.2192,1,0,2.0,0,
c:15122,Kace networks,1,acquired,USA,CA,Mountain View,US-West,37.417002,-122.07871000000002,2003-01-01,,3.3867214236824092,software,1,0,0,0,0,11000000,2,2005-07-25,2006-05-22,2.5644,3.389,1,0,1.5,7,
c:38019,Thwapr,0,closed,USA,NY,New York,US-Northeast,40.730646,-73.986614,2007-01-01,2013-07-20,6.548939082819986,photo_video,0,0,0,0,0,2000000,2,2009-01-01,2010-01-01,2.0027,3.0027,1,1,3.0,7,
c:4961,Zinch,1,acquired,USA,CA,San Francisco,US-West,40.234451,-111.658656,2007-02-01,,2.7159479808350446,web,0,1,0,0,0,5000000,2,2007-12-01,2009-10-20,0.8301,2.7178,1,1,1.0,17,
c:41483,Cloud.com,1,acquired,USA,CA,Cupertino,US-West,37.320309,-122.05004,2008-01-01,,2.001368925393566,enterprise,0,0,0,1,0,11000000,1,2010-01-01,2010-01-01,2.0027,2.0027,0,0,3.0,12,
c:12348,"Wildfire, a division of Google",1,acquired,USA,CA,Redwood City,US-West,37.445667,-122.166911,2008-07-01,,3.4168377823408624,enterprise,0,0,0,1,0,14100000,4,2008-12-01,2011-12-01,0.4192,3.4192,0,1,2.25,19,
c:3202,Authenticlick,0,closed,USA,CA,Los Angeles,US-West,34.062504,-118.354605,2005-08-05,2009-01-01,3.4086242299794662,search,0,0,0,0,0,5000000,1,2006-02-01,2006-02-01,0.4932,0.4932,0,0,1.0,8,
c:32144,Idooble,0,closed,USA,WA,Vancouver,US-West,45.630695,-122.674456,2009-01-01,2012-01-01,2.9979466119096507,web,0,1,0,0,0,400000,2,2009-01-01,2010-08-01,0.0,1.5808,0,1,1.0,1,
c:32023,BioSeek,1,acquired,USA,CA,South San Francisco,US-West,37.658313,-122.391032,2000-01-01,,7.389459274469542,biotech,0,0,0,0,1,10000000,1,2007-05-23,2007-05-23,7.3945,7.3945,0,0,1.0,4,
c:1445,xkoto,0,closed,USA,MA,Waltham,US-Northeast,42.405685,-71.25585699999998,2005-01-01,2011-10-01,6.746064339493498,software,1,0,0,0,0,11035000,3,2005-11-01,2009-01-26,0.8329,4.0712,1,0,1.6667,3,
c:53686,Coradiant,1,acquired,USA,MA,Lexington,US-Northeast,42.4717204,-71.26214350000002,2000-01-01,,5.639972621492129,public_relations,0,0,0,0,0,12700000,1,2005-08-22,2005-08-22,5.6438,5.6438,0,0,4.0,9,
c:50208,QuantaLife,1,acquired,USA,CA,Pleasanton,US-West,39.78373,-100.445882,2008-01-01,,3.5537303216974676,biotech,0,0,0,0,1,20757182,2,2010-12-13,2011-07-22,2.9507,3.5562,0,0,1.0,3,
c:16874,BroadLight,1,acquired,USA,CA,Santa Clara,US-West,37.404044,-121.978956,2000-06-01,,7.277207392197125,software,1,0,0,0,0,27000000,3,2005-11-17,2007-09-11,5.4658,7.2822,0,0,6.0,5,
c:643,BBE,1,acquired,USA,NY,New York,US-Northeast,40.7445343,-73.98740079999997,2004-04-01,,3.7508555783709787,advertising,0,0,0,0,0,10000000,1,2008-01-01,2008-01-01,3.7534,3.7534,0,0,1.0,7,
c:53471,TelASIC Communications,0,closed,USA,CA,El Segundo,US-West,33.923916,-118.39665,2001-01-01,2009-12-24,8.97741273100616,public_relations,0,0,0,0,0,26000000,1,2005-03-22,2005-03-22,4.2219,4.2219,0,0,4.0,4,
c:37780,LegiTime Technologies,0,closed,USA,CT,Farmington,US-Northeast,44.671539,-70.144101,2005-01-01,2010-09-15,5.702943189596167,messaging,0,0,0,0,0,4000000,2,2007-03-01,2009-12-15,2.1616,4.9562,0,0,2.0,2,
c:17508,Mobius Microsystems,1,acquired,USA,CA,Sunnyvale,US-West,37.377787,-122.029217,2004-01-01,,3.9397672826830936,hardware,0,0,0,0,0,20220000,2,2006-01-31,2007-12-10,2.0849,3.9425,0,0,3.0,3,
c:2804,Boonty,1,acquired,USA,NY,New York,US-Northeast,40.717248,-74.002662,2001-03-01,,4.350444900752909,games_video,0,0,0,0,0,10000000,1,2005-07-07,2005-07-07,4.3534,4.3534,0,0,4.0,7,
c:11397,B-Side Entertainment,0,closed,USA,NY,New York,US-Northeast,40.7434025,-73.9890857,2005-04-07,2010-03-01,4.898015058179329,games_video,0,0,0,0,0,7350000,2,2006-10-11,2008-11-14,1.5123,3.6082,0,0,4.5,8,
c:41409,Taggstr,0,closed,USA,CA,San Jose,US-West,37.288136,-121.79765,2009-07-01,2013-07-01,4.0,messaging,0,0,0,0,0,50000,1,2010-04-07,2010-04-07,0.7671,0.7671,0,1,1.0,1,
c:55436,Fashism,0,closed,USA,NY,New York,US-Northeast,40.7394115,-73.9895748,2009-01-01,2013-09-27,4.736481861738535,fashion,0,0,0,0,0,1000000,1,2010-11-19,2010-11-19,1.8822,1.8822,0,0,7.0,5,
c:12630,Goodmail Systems,0,closed,USA,CA,Mountain View,US-West,37.39972,-122.108306,2003-01-01,2012-01-01,8.999315537303216,security,0,0,0,0,0,45000000,4,2005-10-17,2009-01-12,2.7945,6.0356,0,0,2.0,16,
c:365,Nirvanix,0,closed,USA,CA,San Diego,US-West,32.877656,-117.210595,2007-07-01,2013-10-15,6.291581108829569,enterprise,0,0,0,1,0,70000000,5,2007-09-18,2012-05-03,0.2164,4.8438,1,0,4.2,22,
c:20832,LookStat,0,closed,USA,WA,Seattle,US-West,47.6447802,-122.325878,2008-01-01,2012-05-29,4.407939767282683,ecommerce,0,0,0,0,0,500000,1,2009-04-23,2009-04-23,1.3096,1.3096,0,0,1.0,3,
c:39399,Sweepery,0,closed,USA,CA,San Francisco,US-West,37.779281,-122.419236,2008-08-01,2011-06-29,2.9075975359342916,software,1,0,0,0,0,500000,2,2008-09-01,2009-12-01,0.0849,1.3342,0,0,1.0,6,
c:17809,Luminary Micro,1,acquired,USA,TX,Austin,US-South,30.306591,-97.826727,2004-01-01,,3.6413415468856947,semiconductor,0,0,0,0,0,44000000,3,2005-02-01,2007-08-23,1.0877,3.6438,0,0,4.0,2,
c:23788,ZettaCore,0,closed,USA,CO,Englewood,US-West,39.5604863,-104.8656251,1999-01-01,2012-01-04,13.007529089664613,semiconductor,0,0,0,0,0,21000000,1,2009-05-11,2009-05-11,10.3644,10.3644,1,0,5.0,4,
c:30834,Clicker,1,acquired,USA,CA,Los Angeles,US-West,34.083228000000005,-118.341449,2009-01-01,,1.1307323750855578,games_video,0,0,0,0,0,19000000,2,2009-09-15,2010-02-18,0.7041,1.1315,0,0,3.5,12,
c:39105,iKoa,0,closed,USA,CA,Menlo Park,US-West,39.78373,-100.445882,2006-01-01,2012-07-01,6.496919917864476,semiconductor,0,0,0,0,0,18700000,3,2007-06-05,2010-07-16,1.4247,4.5397,1,0,2.0,0,
c:49960,SocialShield,1,acquired,USA,CA,San Bruno,US-West,37.626166,-122.411025,2009-09-01,,1.0924024640657084,software,1,0,0,0,0,10000000,1,2010-10-05,2010-10-05,1.0932,1.0932,0,0,7.0,6,
c:9106,LeisureLogix,0,closed,USA,FL,Tampa,US-South,28.032975,-82.64611,2006-08-01,2012-09-04,6.094455852156058,software,1,0,0,0,0,5900000,3,2007-01-01,2007-01-01,0.4192,0.4192,0,1,1.0,5,
c:17581,Storwize,1,acquired,USA,MA,Marlborough,US-Northeast,37.237937,-121.974591,2004-01-01,,4.251882272416153,other,0,0,0,0,0,28000000,2,2007-06-06,2008-04-02,3.4301,4.2548,0,0,2.0,13,
c:14028,AutoVirt,0,closed,USA,NH,Nashua,US-Northeast,42.7370219,-71.48729759999998,2007-01-01,2012-02-01,5.084188911704312,software,1,0,0,0,0,24300000,7,2007-01-01,2011-05-24,0.0,4.3945,1,1,2.0,5,
c:1309,Loopt,1,acquired,USA,CA,Mountain View,US-West,37.384717,-122.081625,2005-01-01,,5.333333333333333,mobile,0,0,1,0,0,32006000,4,2005-06-01,2010-05-03,0.4137,5.3370000000000015,0,1,1.6667,21,
c:28420,Blue Lane Technologies,1,acquired,USA,CA,Cupertino,US-West,37.3169065,-122.0497023,2002-01-01,,3.0855578370978782,public_relations,0,0,0,0,0,13400000,1,2005-02-01,2005-02-01,3.0877,3.0877,0,0,2.0,4,
c:6562,Socialcast,1,acquired,USA,CA,San Francisco,US-West,37.78192670000001,-122.3932389,2005-06-01,,4.829568788501026,enterprise,0,0,0,1,0,9400000,3,2009-04-06,2010-03-31,3.8493,4.8329,0,1,1.5,18,
c:4394,Collective Intellect,1,acquired,USA,CO,Boulder,US-West,40.0186313,-105.2764361,2005-01-01,,7.931553730321697,enterprise,0,0,0,1,0,15324624,6,2006-02-01,2012-12-07,1.0849,7.937,1,1,2.5,10,
c:52346,Wavii,1,acquired,USA,WA,Seattle,US-West,47.603832,-122.330062,2009-03-01,,1.3333333333333333,web,0,1,0,0,0,2000000,1,2010-07-01,2010-07-01,1.3342,1.3342,0,0,11.0,3,
c:200,Seesmic,1,acquired,USA,CA,San Francisco,US-West,37.775196,-122.419204,2007-06-01,,3.671457905544148,web,0,1,0,0,0,16000000,3,2007-11-01,2011-02-01,0.4192,3.674,0,0,5.6667,24,
c:36892,Apnex Medical,0,closed,USA,MN,Saint Paul,US-Midwest,44.950404,-93.101503,2006-01-01,2013-05-01,7.329226557152635,medical,0,0,0,0,0,44000000,3,2009-12-02,2012-09-24,3.9205,6.7342,1,0,2.3333,3,
c:139729,MobileReactor,0,closed,USA,PA,Philadelphia,US-Northeast,39.952399,-75.16359,2010-01-01,2013-07-01,3.4962354551676933,software,1,0,0,0,0,1175000,2,2011-10-24,2012-06-15,1.811,2.4548,1,0,1.0,2,
c:17724,Echopass Corporation,1,acquired,USA,CA,Pleasanton,US-West,37.661002,-121.897829,2000-01-01,,10.264202600958248,network_hosting,0,0,0,0,0,9000000,2,2006-10-30,2010-04-07,6.8329,10.2712,0,0,4.0,22,
c:16285,ID Analytics,1,acquired,USA,CA,San Diego,US-West,32.7154,-117.1565,2002-01-01,,5.368925393566051,web,0,1,0,0,0,35150000,3,2002-05-01,2007-05-16,0.3288,5.3726,0,0,3.0,9,
c:43954,Vela Systems,1,acquired,USA,MA,Burlington,US-Northeast,42.504817,-71.195611,2005-01-01,,5.66735112936345,software,1,0,0,0,0,12000000,3,2006-05-01,2010-09-02,1.3288,5.6712,1,0,2.6667,4,
c:27555,FlowCardia,1,acquired,USA,CA,Sunnnyvale,US-West,37.396023,-122.03311,2002-01-01,,5.6591375770020536,biotech,0,0,0,0,1,30000000,1,2007-08-30,2007-08-30,5.6629999999999985,5.6629999999999985,0,0,9.0,4,
c:18804,Bizanga,1,acquired,USA,CA,San Mateo,US-West,37.537542,-122.327609,2003-01-01,,6.1300479123887746,security,0,0,0,0,0,8000000,1,2009-02-17,2009-02-17,6.1342,6.1342,0,0,2.0,5,
c:14787,Transpond,1,acquired,USA,CA,San Francisco,US-West,37.782978,-122.394517,2007-01-01,,2.0944558521560577,advertising,0,0,0,0,0,4100000,1,2009-02-04,2009-02-04,2.0959,2.0959,0,0,2.0,6,
c:81474,Caterva,0,closed,USA,IL,Champaign,US-Midwest,40.116421,-88.243383,2008-01-01,2013-06-01,5.415468856947296,social,0,0,0,0,0,2408500,2,2009-12-15,2011-07-06,1.9562,3.5123,0,1,3.0,1,
c:34401,Innovative Silicon,0,closed,USA,CA,Santa Clara,US-West,37.386778,-121.966277,2002-01-01,2011-01-01,8.999315537303216,other,0,0,0,0,0,72000000,4,2004-03-01,2007-11-06,2.1644,5.8493,0,0,2.25,3,
c:37934,Kardia Health Systems,0,closed,USA,MN,Golden Valley,US-Midwest,44.96659,-93.331943,2006-01-01,2012-02-21,6.138261464750171,enterprise,0,0,0,1,0,18400000,2,2007-01-01,2008-01-01,1.0,2.0,1,0,1.0,2,
c:25383,Biolex Therapeutics,0,closed,USA,NC,Pittsboro,US-South,35.72591770000001,-79.17917709999998,1997-01-01,2012-06-01,15.41409993155373,biotech,0,0,0,0,1,162264126,7,2005-01-07,2011-12-19,8.0219,14.9726,1,0,6.75,4,
c:49872,Foldrx Pharmaceuticals,1,acquired,USA,MA,Cambridge,US-Northeast,42.3751,-71.105616,2003-01-01,,7.452429842573579,biotech,0,0,0,0,1,29000000,1,2010-06-15,2010-06-15,7.4575,7.4575,1,0,7.0,7,
c:58560,Klir Technologies,0,closed,USA,WA,Seattle,US-West,47.603832,-122.330062,2000-01-01,2007-01-01,7.000684462696783,network_hosting,0,0,0,0,0,8700000,1,2005-06-03,2005-06-03,5.4247,5.4247,0,0,2.0,0,
c:7666,MetaCarta,1,acquired,USA,MA,Cambridge,US-Northeast,42.36236,-71.099692,2001-01-01,,4.684462696783025,mobile,0,0,1,0,0,10000000,1,2005-09-08,2005-09-08,4.6877,4.6877,0,0,7.0,12,
c:19670,Viridity Software,1,acquired,USA,MA,Burlington,US-Northeast,42.4871509,-71.1986329,2008-01-01,,2.631074606433949,software,1,0,0,0,0,15000000,2,2008-12-01,2010-08-19,0.9178,2.6329,0,0,2.0,5,
c:35148,Devtap,0,closed,USA,CA,Menlo Park,US-West,39.78373,-100.445882,2008-01-01,2009-02-25,1.1526351813826146,search,0,0,0,0,0,2600000,1,2008-09-01,2008-09-01,0.6685,0.6685,0,0,1.0,2,
c:142,Bebo,1,acquired,USA,CA,San Francisco,US-West,37.782103,-122.401116,2005-01-06,,1.3141683778234086,web,0,1,0,0,0,15000000,1,2006-05-01,2006-05-01,1.3151,1.3151,0,0,1.0,30,
c:101312,SideTour,1,acquired,USA,NY,New York,US-Northeast,40.745064,-73.992637,2011-06-01,,1.8151950718685832,web,0,1,0,0,0,4000000,3,2011-07-01,2013-03-25,0.0822,1.8164,0,1,2.0,7,
c:46168,SARcode Bioscience,1,acquired,USA,CA,Brisbane,US-West,37.680766,-122.399971,2006-01-01,,5.541409993155373,biotech,0,0,0,0,1,73000000,2,2006-12-01,2011-07-18,0.9151,5.5452,1,0,3.0,9,
c:78868,Lore,1,acquired,USA,NY,New York,US-Northeast,40.730646,-73.986614,2011-03-01,,1.0978781656399725,education,0,0,0,0,0,12123837,4,2011-06-27,2012-04-05,0.3233,1.0986,0,1,4.6667,5,
c:1236,Pelago,1,acquired,USA,WA,Seattle,US-West,47.60706500000001,-122.335373,2005-12-01,,2.485968514715948,mobile,0,0,1,0,0,22400000,3,2006-11-01,2008-05-27,0.9178,2.4877,1,0,3.3333,18,
c:33949,Desk,1,acquired,USA,CA,San Francisco,US-West,37.779281,-122.419236,2009-01-01,,2.00684462696783,enterprise,0,0,0,1,0,5700000,2,2010-04-15,2011-01-04,1.2849,2.0082,0,0,4.0,12,
c:35433,Trinity Biosystems,0,closed,USA,CA,Menlo Park,US-West,39.78373,-100.445882,2002-01-01,2010-05-24,8.39151266255989,biotech,0,0,0,0,1,28500000,2,2006-07-18,2009-11-09,4.5452,7.8603,1,0,4.5,2,
c:17774,Virtual Computer,1,acquired,USA,MA,Westford,US-Northeast,42.579258,-71.437841,2007-01-01,,2.0698151950718686,software,1,0,0,0,0,21000000,2,2007-12-01,2009-01-26,0.9151,2.0712,0,0,2.5,9,
c:44064,Oasys Mobile,0,closed,USA,NC,Raleigh,US-South,35.780398,-78.639099,1984-01-01,2012-05-21,28.386036960985628,software,1,0,0,0,0,8000000,1,2005-11-18,2005-11-18,21.8959,21.8959,1,0,2.0,1,
c:6171,Gamook,0,closed,USA,CA,Menlo Park,US-West,37.41924,-122.208414,2008-01-01,2010-01-01,2.001368925393566,games_video,0,0,0,0,0,1500000,1,2008-03-16,2008-03-16,0.2055,0.2055,0,0,1.0,1,
c:637,Quattro Wireless,1,acquired,USA,MA,Waltham,US-Northeast,42.3729,-71.24847199999998,2006-10-01,,2.458590006844627,advertising,0,0,0,0,0,28300000,3,2007-05-01,2009-03-17,0.5808,2.4603,0,0,1.6667,17,
c:30343,ShopWell,1,acquired,USA,CA,Palo Alto,US-West,37.441537,-122.158332,2008-01-01,,4.969199178644764,web,0,1,0,0,0,7939553,5,2010-02-22,2012-12-20,2.1452,4.9726,1,0,2.0,4,
c:36276,NewsBasis,0,closed,USA,CA,San Francisco,US-West,37.779281,-122.419236,2009-01-01,2012-12-16,3.9561943874058865,public_relations,0,0,0,0,0,545000,1,2009-11-01,2009-11-01,0.8329,0.8329,0,1,2.0,3,
c:36310,Nexx Systems,1,acquired,USA,MA,Billerica,US-Northeast,42.558426,-71.268947,2001-01-01,,8.950034223134839,semiconductor,0,0,0,0,0,15247925,3,2005-09-29,2009-12-14,4.7452,8.9562,0,0,1.5,10,
c:835,5min Media,1,acquired,USA,NY,NY,US-Northeast,40.757929,-73.985506,2007-01-01,,2.5571526351813825,games_video,0,0,0,0,0,12800000,3,2007-04-01,2009-07-23,0.2466,2.5589,0,1,1.5,11,
c:46863,MyCabbage,0,closed,USA,IL,Chicago,US-Midwest,41.875555,-87.624421,2010-03-01,2013-06-01,3.252566735112936,mobile,0,0,1,0,0,950000,2,2011-03-24,2012-08-23,1.063,2.4822,1,0,3.0,1,
c:179,Gotuit,1,acquired,USA,MA,Woburn,US-Northeast,42.479262,-71.152277,2000-01-01,,4.917180013689254,web,0,1,0,0,0,16000000,2,2002-12-01,2004-12-01,2.9178,4.9205,0,0,1.0,6,
c:16784,TeleCIS Wireless,1,acquired,USA,CA,Campbell,US-West,37.288326,-121.945633,2000-01-01,,6.0013689253935665,semiconductor,0,0,0,0,0,10000000,1,2006-01-01,2006-01-01,6.0055,6.0055,0,0,1.0,2,
c:72750,Snapette,1,acquired,USA,NY,New York,US-Northeast,40.730646,-73.986614,2011-01-01,,0.7775496235455168,fashion,0,0,0,0,0,1500000,1,2011-10-12,2011-10-12,0.7781,0.7781,0,0,1.0,5,
c:40152,EmSense,0,closed,USA,CA,San Francisco,US-West,37.779281,-122.419236,2004-01-01,2011-11-01,7.832991101984942,hardware,0,0,0,0,0,13000000,2,2009-11-03,2010-12-10,5.8438,6.9452,1,0,2.0,6,
c:54077,MakerBot,1,acquired,USA,NY,Brooklyn,US-Northeast,40.650104,-73.94958199999998,2009-01-01,,2.639288158795346,hardware,0,0,0,0,0,10000000,1,2011-08-23,2011-08-23,2.6411,2.6411,1,0,6.0,6,
c:10452,Image Space Media,1,acquired,USA,NY,New York,US-Northeast,42.712207,-73.203599,2008-01-01,,2.9952087611225187,advertising,0,0,0,0,0,3915000,2,2010-01-19,2010-12-30,2.0521,2.9973,1,0,3.0,9,
c:55427,Wanderfly,1,acquired,USA,NY,Brooklyn,US-Northeast,40.650104,-73.94958199999998,2009-08-01,,1.5030800821355237,travel,0,0,0,0,0,1400000,2,2009-08-01,2011-02-01,0.0,1.5041,0,1,6.0,7,
c:195311,walkby,0,closed,USA,IL,Chicago,US-Midwest,41.8969173,-87.6435474,2012-08-01,2013-01-01,0.4188911704312115,ecommerce,0,0,0,0,0,650000,2,2012-08-01,2013-04-10,0.0,0.6904,1,1,1.0,6,
c:2497,FameCast,0,closed,USA,TX,Austin,US-South,30.268735,-97.745209,2007-01-01,2010-01-01,3.0006844626967832,games_video,0,0,0,0,0,9700000,3,2007-06-01,2010-03-30,0.4137,3.2438,1,0,1.0,5,
c:13465,Cassatt,1,acquired,USA,CA,San Jose,US-West,37.336191,-121.890583,2003-01-01,,3.162217659137577,software,1,0,0,0,0,15000000,1,2006-03-01,2006-03-01,3.1644,3.1644,0,0,3.0,6,
c:17983,VirtuOz,1,acquired,USA,CA,Emeryville,US-West,37.782714,-122.39358,2002-01-01,,10.247775496235455,enterprise,0,0,0,1,0,38764000,4,2005-10-10,2012-04-01,3.7753,10.2548,1,0,2.0,18,
c:12099,SolFocus,0,closed,USA,CA,San Jose,US-West,37.39873720000001,-122.0497918,2005-11-01,2013-01-01,7.167693360711842,cleantech,0,0,0,0,0,211403000,8,2006-03-01,2012-04-01,0.3288,6.4192,1,0,2.7143,6,
c:51239,Nimbula,1,acquired,USA,CA,Mountain View,US-West,37.3965713,-122.0836937,2008-01-01,,2.642026009582478,enterprise,0,0,0,1,0,20750000,2,2010-06-23,2010-08-23,2.4767,2.6438,0,0,2.0,8,
c:74743,Giftiki,1,acquired,USA,CA,San Francisco,US-West,37.779281,-122.419236,2009-06-01,,1.8836413415468858,social,0,0,0,0,0,1020000,2,2010-08-31,2011-04-20,1.2493,1.8849,0,1,2.5,4,
c:36192,Storspeed,0,closed,USA,TX,Austin,US-South,30.271129,-97.743699,2007-01-01,2010-03-04,3.1704312114989732,software,1,0,0,0,0,13000000,1,2007-06-07,2007-06-07,0.4301,0.4301,0,0,4.0,6,
c:20313,SpaBooker,1,acquired,USA,NY,New York,US-Northeast,40.738567,-73.987199,2007-11-01,,3.915126625598905,software,1,0,0,0,0,14700000,2,2008-01-01,2011-10-01,0.1671,3.9178,0,1,4.0,8,
c:60,Jajah,1,acquired,USA,CA,Mountain View,US-West,37.4233896,-122.08995120000002,2005-01-01,,4.161533196440794,mobile,0,0,1,0,0,33000000,4,2006-03-01,2009-03-01,1.1616,4.1644,0,0,1.3333,19,
c:50092,Baxano,1,acquired,USA,CA,San Jose,US-West,37.404788,-121.940842,2005-01-01,,5.47296372347707,medical,0,0,0,0,0,30000000,1,2010-06-23,2010-06-23,5.4767,5.4767,0,0,6.0,5,
c:1637,RipCode,0,closed,USA,TX,Richardson,US-South,32.959908,-96.70737,2006-08-06,2012-07-01,5.90280629705681,software,1,0,0,0,0,33000000,4,2006-11-01,2010-05-11,0.2384,3.7644,0,0,4.0,10,
c:144631,VeteranCentral.com,0,closed,USA,DC,Washington,US-South,38.894955,-77.03664599999998,2011-12-15,2013-07-01,1.5441478439425051,social,0,0,0,0,0,150000,1,2011-06-15,2011-06-15,-0.5014,-0.5014,0,1,1.0,1,
c:56478,RippleFunction,0,closed,USA,MA,Waltham,US-Northeast,42.37564,-71.2358,2010-03-01,2013-06-01,3.252566735112936,advertising,0,0,0,0,0,20000,1,2010-05-01,2010-05-01,0.1671,0.1671,0,1,1.0,3,
c:131583,CV Ingenuity,0,closed,USA,CA,Fremont,US-West,37.54827,-121.988572,2008-01-01,2013-07-01,5.49760438056126,medical,0,0,0,0,0,30926154,3,2011-10-04,2013-01-24,3.7589,5.0685,0,0,3.0,2,
c:146596,AdexLink,0,closed,USA,CA,Campbell,US-West,37.288326,-121.945633,2010-08-16,2012-08-01,1.9603011635865846,advertising,0,0,0,0,0,2000000,1,2011-06-10,2011-06-10,0.8164,0.8164,0,0,1.0,0,
c:42163,Certeon,0,closed,USA,MA,Burlington,US-Northeast,42.504817,-71.195611,2003-01-01,2013-02-01,10.08624229979466,software,1,0,0,0,0,19000000,2,2007-07-16,2012-05-01,4.5397,9.337,1,0,3.5,2,
c:16111,Applied Identity,0,closed,USA,CA,San Francisco,US-West,37.779281,-122.419236,2002-01-01,2012-01-01,9.998631074606434,advertising,0,0,0,0,0,33000000,3,2005-01-13,2008-10-01,3.0356,6.7534,0,0,4.0,2,
c:24274,Prenova,1,acquired,USA,GA,Atlanta,US-South,33.982966999999995,-84.346041,2002-01-01,,6.310746064339494,cleantech,0,0,0,0,0,15650000,3,2006-05-10,2008-04-24,4.3562,6.3151,1,0,1.3333,1,
c:763,WooMe,1,acquired,USA,CA,San Francisco,US-West,37.779281,-122.419236,2000-12-01,,7.529089664613279,web,0,1,0,0,0,17400000,3,2007-04-01,2008-06-12,6.3342,7.5342,0,0,2.3333,8,
c:79089,HelpMeRent.com,0,closed,USA,CA,Hollywood,US-West,34.102827000000005,-118.32999,2010-10-01,2013-02-01,2.3381245722108144,real_estate,0,0,0,0,0,154000,1,2011-08-01,2011-08-01,0.8329,0.8329,0,1,1.0,5,
c:43480,Mail.com Media Corporation,0,closed,USA,CA,Los Angeles,US-West,34.054935,-118.244476,2004-01-01,2011-01-01,7.000684462696783,web,0,1,0,0,0,35000000,1,2008-10-21,2008-10-21,4.8082,4.8082,0,0,3.0,4,
c:12224,DubMeNow,0,closed,USA,VA,Viena,US-South,38.916336,-77.230488,2008-01-01,2013-06-01,5.415468856947296,mobile,0,0,1,0,0,7516703,4,2008-08-01,2012-06-05,0.5836,4.4301,1,1,1.0,5,
c:54488,Smooth-Stone,0,closed,USA,TX,Austin,US-South,30.409765000000004,-97.75101,2008-01-01,2011-07-01,3.4962354551676933,cleantech,0,0,0,0,0,48000000,1,2010-08-16,2010-08-16,2.6247,2.6247,1,0,5.0,1,
c:16181,ONStor,1,acquired,USA,CA,Campbell,US-West,37.2690782,-121.9559995,2000-01-01,,8.295687885010267,network_hosting,0,0,0,0,0,65800000,3,2005-06-02,2008-04-18,5.4219,8.3014,1,0,4.6667,6,
c:173118,Relationship Analytics,0,closed,USA,NJ,Hillsborough,US-Northeast,40.477604,-74.626824,2012-08-01,2013-08-01,0.999315537303217,analytics,0,0,0,0,0,125000,2,2013-04-05,2013-05-16,0.6767,0.789,0,1,1.0,2,
c:1607,Summize,1,acquired,USA,VA,Potomac Falls,US-South,39.050108,-77.40082,2006-11-01,,0.5804243668720055,search,0,0,0,0,0,750000,1,2007-06-01,2007-06-01,0.5808,0.5808,0,1,2.0,5,
c:78759,JouleX,1,acquired,USA,GA,Atlanta,US-South,33.749099,-84.390185,2009-01-01,,2.43668720054757,enterprise,0,0,0,1,0,17000000,1,2011-06-10,2011-06-10,2.4384,2.4384,1,0,5.0,10,
c:3562,Etelos,0,closed,USA,CA,San Mateo,US-West,37.54841500000001,-122.315636,1999-05-01,2013-01-01,13.672826830937714,enterprise,0,0,0,1,0,4087500,3,2009-09-30,2012-05-29,10.4247,13.0877,1,1,1.0,4,
c:38655,Make It Work,0,closed,USA,CA,Santa Barbara,US-West,34.491118,-119.808096,1995-01-01,2012-06-01,17.415468856947296,hardware,0,0,0,0,0,1000000,1,2005-11-15,2005-11-15,10.8795,10.8795,0,0,2.0,3,
c:52406,MapMyFitness,1,acquired,USA,TX,Austin,US-South,30.280148,-97.749908,2007-02-08,,6.360027378507871,health,0,0,0,0,0,23500000,5,2007-01-01,2013-06-19,-0.1041,6.3644,1,0,1.75,13,
c:2178,What They Like,0,closed,USA,CA,San Francisco,US-West,37.7776778,-122.3921102,2007-08-29,2011-10-21,4.145106091718001,web,0,1,0,0,0,990000,1,2007-08-29,2007-08-29,0.0,0.0,0,0,2.0,2,
c:10864,FetchBack,1,acquired,USA,AZ,Tempe,US-West,33.426418,-111.9396,2007-04-01,,0.7529089664613279,advertising,0,0,0,0,0,1000000,1,2008-01-01,2008-01-01,0.7534,0.7534,0,0,3.0,13,
c:934,Sermo,1,acquired,USA,MA,Cambridge,US-Northeast,42.364367,-71.078978,2006-01-01,,5.127994524298426,health,0,0,0,0,0,41000000,4,2006-09-01,2011-02-17,0.6658,5.1315,1,0,1.75,15,
c:23251,Wi-Chi,0,closed,USA,OR,Tualatin,US-West,45.3774456,-122.7569561,2008-01-01,2011-12-10,3.9397672826830936,semiconductor,0,0,0,0,0,7000000,1,2008-05-15,2008-05-15,0.3699,0.3699,0,0,1.0,3,
c:25600,Alnara Pharmaceuticals,1,acquired,USA,MA,Cambridge,US-Northeast,42.3624253,-71.116031,2008-01-01,,2.0752908966461328,biotech,0,0,0,0,1,55000000,2,2008-10-30,2010-01-28,0.8301,2.0767,0,0,2.0,4,
c:46943,Braintree,1,acquired,USA,CA,Chicago,US-West,37.78505300000001,-122.287295,2007-10-01,,4.963723477070499,software,1,0,0,0,0,69000000,2,2011-06-29,2012-09-17,3.7452,4.9671,0,0,3.5,10,
c:15829,Virident Systems,1,acquired,USA,CA,Milpitas,US-West,37.421692,-121.894156,2006-01-01,,7.0746064339493495,enterprise,0,0,0,1,0,129677153,8,2007-05-01,2013-01-28,1.3288,7.0795,1,0,3.0,25,
c:25737,Pearl Therapeutics,1,acquired,USA,CA,Redwood City,US-West,37.502169,-122.217727,2006-01-01,,7.2470910335386725,biotech,0,0,0,0,1,232000100,6,2008-07-03,2013-04-01,2.5041,7.2521,0,0,3.6667,4,
c:28483,Lexity,1,acquired,USA,CA,Mountain View,US-West,37.388869,-122.072353,2009-08-01,,1.5852156057494866,enterprise,0,0,0,1,0,5700000,2,2009-09-01,2011-03-03,0.0849,1.5863,0,1,4.0,5,
c:21040,Diligent Technologies,1,acquired,USA,MA,Framingham,US-Northeast,42.276316,-71.419229,2002-01-01,,5.634496919917864,security,0,0,0,0,0,10500000,1,2007-08-21,2007-08-21,5.6384,5.6384,0,0,4.0,3,
c:15458,eBillme,0,closed,USA,NY,Rye Brook,US-Northeast,41.019264,-73.683462,2004-10-01,2012-06-15,7.704312114989733,ecommerce,0,0,0,0,0,23000000,2,2006-09-20,2008-09-01,1.9699,3.9205,1,0,3.0,2,
c:1590,Smilebox,1,acquired,USA,WA,Redmond,US-West,47.676378,-122.122155,2000-08-28,,9.489390828199863,photo_video,0,0,0,0,0,14000000,3,2006-02-01,2010-02-23,5.4329,9.4959,0,0,3.0,13,
c:5988,B-hive Networks,1,acquired,USA,CA,San Mateo,US-West,37.536402,-122.325129,2005-01-01,,1.6454483230663928,software,1,0,0,0,0,7500000,2,2006-08-25,2006-08-25,1.6466,1.6466,0,1,2.0,4,
c:34549,Hot Potato,1,acquired,USA,NY,Brooklyn,US-Northeast,40.650104,-73.94958199999998,2009-01-01,,0.8980150581793293,social,0,0,0,0,0,1420000,1,2009-11-25,2009-11-25,0.8986,0.8986,0,0,16.0,12,
c:19538,Kashless,0,closed,USA,WA,Seattle,US-West,47.6257402,-122.3581623,2008-09-01,2010-12-25,2.3134839151266258,ecommerce,0,0,0,0,0,9000000,2,2008-10-29,2011-02-04,0.1589,2.4274,1,0,1.0,1,
c:29605,Three Screen Games,0,closed,USA,PA,Yardley,US-Northeast,40.245664,-74.845997,2009-01-01,2012-03-14,3.1978097193702943,games_video,0,0,0,0,0,500000,1,2009-10-07,2009-10-07,0.7644,0.7644,1,0,1.0,3,
c:148139,LaunchGram,1,acquired,USA,CA,Mountain View,US-West,37.388869,-122.072353,2012-01-10,,0.7255304585900069,news,0,0,0,0,0,70000,2,2012-01-23,2012-10-01,0.0356,0.726,0,1,1.0,4,
c:904,BrightQube,0,closed,USA,CA,Carlsbad,US-West,33.09568,-117.244034,2006-10-01,2009-10-01,3.0006844626967832,ecommerce,0,0,0,0,0,850000,2,2007-05-01,2008-05-27,0.5808,1.6548,0,1,1.0,3,
c:64694,ServiceMesh,1,acquired,USA,CA,Santa Monica,US-West,34.019657,-118.487549,2008-01-01,,3.8740588637919235,enterprise,0,0,0,1,0,15000000,1,2011-11-16,2011-11-16,3.8767,3.8767,1,0,1.0,9,
c:1923,Lookery,1,acquired,USA,CA,San Francisco,US-West,37.788266,-122.403865,2007-08-01,,1.0951403148528405,web,0,1,0,0,0,3150000,2,2008-02-07,2008-09-04,0.5205,1.0959,0,1,11.5,12,
c:152560,Wantful,0,closed,USA,CA,San Francisco,US-West,37.779281,-122.419236,2011-01-01,2013-09-06,2.6803559206023273,ecommerce,0,0,0,0,0,5500000,1,2012-03-20,2012-03-20,1.2164,1.2164,0,0,8.0,6,
c:71639,Zep Solar,1,acquired,USA,CA,San Rafael,US-West,38.021489,-122.519998,2009-01-01,,4.884325804243669,cleantech,0,0,0,0,0,10571182,1,2013-11-20,2013-11-20,4.8877,4.8877,0,0,1.0,8,
c:65601,Help Me Rent Magazine,0,closed,USA,CA,Hollywood,US-West,34.102827000000005,-118.32999,2010-01-01,2012-05-01,2.329911019849418,real_estate,0,0,0,0,0,500000,1,2010-08-01,2010-08-01,0.5808,0.5808,0,1,1.0,13,
c:2351,MOG,1,acquired,USA,CA,Berkeley,US-West,37.872222,-122.268403,2005-06-01,,4.739219712525667,music,0,0,0,0,0,24900000,7,2006-05-04,2010-02-26,0.9233,4.7425,1,1,3.0,12,
c:6854,Loud3r,0,closed,USA,CA,Pasadena,US-West,34.147645000000004,-118.144478,2007-09-01,2012-07-15,4.870636550308008,web,0,1,0,0,0,3529175,2,2009-06-05,2009-12-28,1.7616,2.326,1,0,1.0,12,
c:25306,Oyster.com,1,acquired,USA,NY,New York,US-Northeast,40.74188770000001,-74.00474659999998,2008-03-01,,4.61327857631759,travel,0,0,0,0,0,23400000,4,2008-03-01,2012-10-11,0.0,4.6164,0,0,2.25,15,
c:10915,LogLogic,1,acquired,USA,CA,San Jose,US-West,37.4155698,-121.9486567,2002-01-01,,7.397672826830938,security,0,0,0,0,0,8800000,1,2009-05-26,2009-05-26,7.4027,7.4027,0,0,5.0,15,
c:70661,StyleTrek,0,closed,USA,NY,New York,US-Northeast,40.728425,-73.999882,2010-02-01,2012-01-01,1.9137577002053388,fashion,0,0,0,0,0,1500000,1,2010-02-01,2010-02-01,0.0,0.0,0,0,6.0,2,
c:9668,Sequoia Communications,0,closed,USA,CA,San Diego,US-West,32.988246999999994,-117.080769,2000-01-01,2011-01-01,11.000684462696784,semiconductor,0,0,0,0,0,74000000,7,2004-11-09,2009-06-02,4.8603,9.4247,1,0,2.0,3,
c:2434,SnapNames,1,acquired,USA,OR,Portland,US-West,45.520247,-122.674195,2000-01-01,,1.998631074606434,network_hosting,0,0,0,0,0,8800000,3,2001-06-01,2001-12-31,1.4164,2.0,0,0,1.0,3,
c:522,Simple Star,1,acquired,USA,CA,San Francisco,US-West,37.77522800000001,-122.39963,2001-01-01,,4.605065023956194,web,0,1,0,0,0,7100000,2,2003-08-01,2005-08-10,2.5808,4.6082,0,1,1.5,3,
c:1165,StyleFeeder,1,acquired,USA,MA,Cambridge,US-Northeast,42.3751,-71.105616,2006-05-03,,2.9952087611225187,ecommerce,0,0,0,0,0,3500000,3,2007-09-01,2009-05-01,1.3315,2.9973,1,1,1.6667,8,
c:80433,FlashSoft,1,acquired,USA,CA,Sunnyvale,US-West,37.36883,-122.03635,2009-11-25,,1.5879534565366187,software,1,0,0,0,0,3000000,1,2011-06-28,2011-06-28,1.589,1.589,0,0,2.0,6,
c:79456,TrustDegrees,0,closed,USA,NY,Kenmore,US-Northeast,42.961748,-78.870914,2011-03-01,2012-01-01,0.837782340862423,web,0,1,0,0,0,11000,2,2011-04-17,2011-06-09,0.1288,0.274,0,1,1.0,5,
c:17282,Symwave,1,acquired,USA,CA,Laguna Niguel,US-West,33.55327800000001,-117.6779,2001-01-01,,8.594113620807667,semiconductor,0,0,0,0,0,26200000,3,2007-07-18,2009-08-06,6.5452,8.6,1,0,2.5,4,
c:3610,Clearwell Systems,1,acquired,USA,CA,Mountain View,US-West,37.398022,-122.049143,2004-12-06,2011-05-19,6.447638603696099,software,1,0,0,0,0,29000000,2,2006-04-04,2007-08-22,1.3259999999999998,2.7096,0,0,2.5,6,
c:30667,Impeva,0,closed,USA,CA,Mountain View,US-West,37.400945,-122.111318,2004-01-01,2012-03-16,8.205338809034908,software,1,0,0,0,0,10000000,1,2008-11-03,2008-11-03,4.8438,4.8438,0,0,2.0,2,
c:59054,Nettle,0,closed,USA,CA,La Jolla,US-West,32.833501,-117.26162,2010-10-04,2012-01-01,1.242984257357974,web,0,1,0,0,0,500000,1,2011-08-11,2011-08-11,0.8521,0.8521,0,1,3.0,3,
c:22721,CubeTree,1,acquired,USA,CA,Redwood City,US-West,37.487259,-122.232217,2008-01-01,,1.83709787816564,enterprise,0,0,0,1,0,11500000,3,2008-02-01,2009-11-02,0.0849,1.8384,0,1,1.5,3,
c:22168,Infochimps,1,acquired,USA,TX,Austin,US-South,30.2734822,-97.7588828,2009-07-14,,3.890485968514716,enterprise,0,0,0,1,0,5350000,5,2010-09-14,2013-06-04,1.1699,3.8932,0,1,3.0,8,
c:1205,Songbird,0,closed,USA,CA,San Francisco,US-West,37.787126,-122.39783,2006-02-01,2013-06-28,7.403148528405202,mobile,0,0,1,0,0,11015719,3,2006-10-02,2010-01-27,0.6658,3.989,1,0,2.0,27,
c:23139,SimpleGeo,1,acquired,USA,CA,San Francisco,US-West,37.779281,-122.419236,2009-05-01,,1.0458590006844628,advertising,0,0,0,0,0,9807367,3,2009-11-10,2010-05-18,0.5288,1.0466,0,1,8.6667,30,
c:51379,1000memories,1,acquired,USA,CA,San Francisco,US-West,37.779281,-122.419236,2010-07-01,,0.6297056810403833,web,0,1,0,0,0,2535000,2,2010-01-01,2011-02-16,-0.4959,0.6301,0,1,5.0,8,
c:23107,SensorLogic,1,acquired,USA,TX,Addison,US-South,32.958634,-96.823641,2002-01-01,,8.947296372347708,enterprise,0,0,0,1,0,19000000,3,2007-06-19,2010-12-13,5.4658,8.9534,1,0,5.3333,4,
c:50162,TouristEye,1,acquired,USA,CA,Mountain View,US-West,37.388869,-122.072353,2010-02-01,,2.7624914442162902,travel,0,0,0,0,0,475000,3,2010-02-01,2012-11-06,0.0,2.7644,0,1,4.0,4,
c:15470,Oberon Media,1,acquired,USA,NY,New York,US-Northeast,40.730646,-73.986614,2003-01-01,,7.857631759069131,games_video,0,0,0,0,0,36000000,2,2008-10-06,2010-11-10,5.7671,7.862999999999999,1,0,1.0,16,
c:58237,Arroyo Video Solutions,1,acquired,USA,CA,Pleasanton,US-West,37.662431,-121.874679,2002-01-01,,3.164955509924709,games_video,0,0,0,0,0,12000000,1,2005-03-02,2005-03-02,3.1671,3.1671,0,0,5.0,4,
c:25001,Aragon Pharmaceuticals,1,acquired,USA,CA,San Diego,US-West,39.78373,-100.445882,2009-01-01,,3.756331279945243,biotech,0,0,0,0,1,122000000,4,2009-05-27,2012-10-04,0.4,3.7589,0,0,2.5,15,
c:163104,#waywire,1,acquired,USA,NY,New York,US-Northeast,40.730646,-73.986614,2012-06-01,,0.07939767282683094,news,0,0,0,0,0,1750000,1,2012-06-30,2012-06-30,0.0795,0.0795,0,0,5.0,8,
c:43263,Feedtrace,1,acquired,USA,NY,New York,US-Northeast,40.729839,-73.991781,2009-08-10,,0.5557837097878165,web,0,1,0,0,0,130000,1,2010-03-01,2010-03-01,0.5562,0.5562,0,1,1.0,3,
c:37173,Five Star Technologies,0,closed,USA,OH,Cleveland,US-Midwest,41.505161,-81.693445,1999-01-01,2012-02-02,13.086926762491444,other,0,0,0,0,0,13222860,3,2006-11-30,2009-11-24,7.9178,10.9041,1,0,3.0,4,
c:12179,Vontoo,0,closed,USA,IN,Indianapolis,US-Midwest,39.914281,-86.07647800000002,2005-01-01,2012-10-31,7.83025325119781,public_relations,0,0,0,0,0,2192000,2,2009-02-17,2011-02-24,4.1315,6.1507,1,0,3.0,10,
c:42501,Allurent,1,acquired,USA,MA,Cambridge,US-Northeast,42.3751,-71.105616,2005-01-01,,5.1416837782340865,web,0,1,0,0,0,2000000,1,2010-02-22,2010-02-22,5.1452,5.1452,1,0,1.0,4,
c:15017,Quantivo,1,acquired,USA,CA,Emeryville,US-West,37.5455355,-122.32088020000002,2005-01-01,,4.955509924709103,analytics,0,0,0,0,0,9400000,2,2008-01-09,2009-12-16,3.0219,4.9589,0,0,2.0,11,
c:17320,Crossing Automation,1,acquired,USA,CA,Mountain View,US-West,37.431091,-122.099263,2003-01-01,,7.222450376454483,semiconductor,0,0,0,0,0,13045000,4,2008-05-05,2010-03-23,5.3452,7.2274,0,0,2.0,2,
c:1716,Scrapblog,1,acquired,USA,CA,San Francisco,US-West,25.752358,-80.25468000000002,2006-01-01,,4.095824777549623,web,0,1,0,0,0,10000000,4,2006-03-06,2010-02-05,0.1753,4.0986,0,0,1.25,8,
c:6356,Yield Software,1,acquired,USA,CA,San Mateo,US-West,37.558245,-122.302654,2007-01-01,,1.4236824093086926,advertising,0,0,0,0,0,6000000,1,2008-06-04,2008-06-04,1.4247,1.4247,0,0,2.0,7,
c:7163,FlyCast,0,closed,USA,PA,Lancaster,US-Northeast,40.03935300000001,-76.307448,2006-01-01,2013-01-01,7.000684462696783,mobile,0,0,1,0,0,2100000,2,2008-01-01,2009-07-22,2.0,3.5562,1,1,2.0,3,
c:46835,Off & Away,1,acquired,USA,WA,Seattle,US-West,39.78373,-100.445882,2009-12-01,,0.8870636550308009,travel,0,0,0,0,0,3250000,2,2010-05-03,2010-10-21,0.4192,0.8877,1,0,1.0,3,
c:18027,CypherMax,0,closed,USA,CA,San Jose,US-West,37.3969138,-121.8939054,2000-01-01,2012-09-10,12.692676249144421,hardware,0,0,0,0,0,148000000,3,2006-07-27,2007-02-25,6.5726,7.1562,1,0,3.5,1,
c:17634,Nexsan,1,acquired,USA,CA,Thousand Oaks,US-West,34.185043,-118.878852,2000-01-01,,9.295003422313483,hardware,0,0,0,0,0,24500000,2,2003-12-01,2009-04-18,3.9178,9.3014,1,0,2.0,10,
c:47341,Tipping Bucket,0,closed,USA,UT,Provo,US-West,40.233844,-111.658534,2009-04-08,2012-01-01,2.732375085557837,enterprise,0,0,0,1,0,72000,2,2009-04-01,2010-03-01,-0.0192,0.8959,0,1,1.0,4,
c:42610,Qlusters,0,closed,USA,CA,Palo Alto,US-West,37.416597,-122.154064,2001-01-01,2008-09-11,7.693360711841205,other,0,0,0,0,0,10360000,1,2007-08-08,2007-08-08,6.6027,6.6027,0,0,5.0,3,
c:10137,Producteev,1,acquired,USA,NY,New York,US-Northeast,40.775309,-73.98365600000002,2008-07-08,,1.568788501026694,software,1,0,0,0,0,1310000,3,2008-07-15,2010-02-01,0.0192,1.5699,0,1,6.0,12,
c:47662,SpinTheCam,0,closed,USA,NY,New York,US-Northeast,40.759089,-73.987573,2010-02-12,2012-02-17,2.0123203285420943,games_video,0,0,0,0,0,150000,1,2010-01-01,2010-01-01,-0.1151,-0.1151,0,1,1.0,1,
c:29387,Amalfi Semiconductor,1,acquired,USA,CA,Los Gatos,US-West,37.229676,-121.971225,2003-01-01,,9.311430527036277,semiconductor,0,0,0,0,0,64000000,3,2006-02-01,2012-04-24,3.0877,9.3178,1,0,3.3333,5,
c:58696,Dormzy,0,closed,USA,OH,Columbus,US-Midwest,39.96226,-83.00070600000002,2010-05-01,2013-03-01,2.833675564681725,ecommerce,0,0,0,0,0,250000,1,2010-05-01,2010-05-01,0.0,0.0,0,1,1.0,2,
c:13815,iChange,1,acquired,USA,CA,Pasadena,US-West,34.144926,-118.149767,2008-01-01,,2.086242299794661,health,0,0,0,0,0,1830000,3,2007-10-01,2010-02-01,-0.2521,2.0877,0,1,2.0,6,
c:55307,AppFog,1,acquired,USA,OR,Portland,US-West,39.78373,-100.445882,2010-08-01,,1.0239561943874058,enterprise,0,0,0,1,0,9800000,2,2011-01-01,2011-08-10,0.4192,1.0247,0,0,4.5,10,
c:2033,HotPads,1,acquired,USA,CA,San Francisco,US-West,38.904549,-77.061767,2005-05-04,,1.8234086242299794,web,0,1,0,0,0,2300000,1,2007-03-01,2007-03-01,1.8247,1.8247,0,0,1.0,15,
c:444,Sampa,0,closed,USA,WA,Redmond,US-West,47.682233,-122.135521,2005-03-01,2009-07-17,4.37782340862423,web,0,1,0,0,0,1310000,2,2007-08-01,2008-04-02,2.4192,3.0904,0,1,1.0,3,
c:454,DanceJam,0,closed,USA,CA,San Francisco,US-West,37.781557,-122.407959,2007-04-01,2011-01-01,3.753593429158111,games_video,0,0,0,0,0,4500000,2,2007-05-01,2008-02-01,0.0822,0.8384,0,1,5.5,4,
c:11531,Right90,1,acquired,USA,CA,Foster City,US-West,37.571318,-122.267962,2003-01-01,,5.727583846680356,software,1,0,0,0,0,22000000,3,2005-02-28,2008-09-23,2.1616,5.7315,0,0,2.6667,5,
c:741,SocialMedia.com,1,acquired,USA,CA,San Francisco,US-West,37.775196,-122.419204,2007-01-01,,2.078028747433265,advertising,0,0,0,0,0,10000000,3,2007-09-01,2009-01-29,0.6658,2.0795,0,1,2.6667,23,
c:37826,BuyWithMe,1,acquired,USA,NY,New York,US-Northeast,40.730646,-73.986614,2009-03-01,,2.2505133470225873,ecommerce,0,0,0,0,0,36500000,4,2010-01-20,2011-06-01,0.8904,2.2521,0,0,1.5,21,
c:7299,Photobucket,1,acquired,USA,CO,Denver,US-West,47.601803,-122.332085,2003-06-01,,9.952087611225188,web,0,1,0,0,0,33672656,7,2005-03-01,2013-05-14,1.7507,9.9589,1,0,2.0,35,
c:35579,XtremIO,1,acquired,USA,CA,Cupertino,US-West,37.320309,-122.05004,2009-01-01,,2.924024640657084,enterprise,0,0,0,1,0,19000000,3,2009-11-11,2011-12-05,0.8603,2.926,0,0,2.0,4,
c:21654,Level 5 Networks,1,acquired,USA,CA,Sunnyvale,US-West,37.36883,-122.03635,2002-01-01,,3.46611909650924,semiconductor,0,0,0,0,0,30000000,1,2005-06-20,2005-06-20,3.4685,3.4685,0,0,4.0,3,
c:57338,Votizen,1,acquired,USA,CA,Mountain View,US-West,37.388869,-122.072353,2009-03-19,,2.9349760438056127,web,0,1,0,0,0,2250000,2,2010-09-23,2012-02-24,1.5151,2.937,1,0,8.5,6,
c:16613,Siimpel Corporation,1,acquired,USA,CA,Arcadia,US-West,34.1086325,-118.0215818,2000-01-01,,9.957563312799453,hardware,0,0,0,0,0,53818873,6,2005-11-11,2009-12-16,5.8658,9.9644,1,0,4.25,7,
c:334,TalkPlus,0,closed,USA,CA,San Mateo,US-West,37.553743,-122.300246,2004-02-01,2008-05-07,4.262833675564682,web,0,1,0,0,0,5500000,1,2006-10-01,2006-10-01,2.6658,2.6658,0,0,1.0,6,
c:8527,Napera Networks,1,acquired,USA,WA,Bellevue,US-West,47.578174,-122.212731,2006-12-01,,1.995893223819302,network_hosting,0,0,0,0,0,6000000,1,2008-11-29,2008-11-29,1.9973,1.9973,0,0,1.0,3,
c:1389,NebuAd,0,closed,USA,CA,Redwood City,US-West,39.78373,-100.445882,2006-01-01,2009-05-20,3.381245722108145,advertising,0,0,0,0,0,30150000,2,2007-07-01,2007-09-01,1.4959,1.6658,0,0,1.5,2,
c:31614,Tercica,1,acquired,USA,CA,Brisbane,US-West,37.674559,-122.385658,2002-01-01,,5.508555783709788,biotech,0,0,0,0,1,83000000,2,2005-10-14,2007-07-06,3.7863,5.5123,1,0,1.0,11,
c:15709,Robotgalaxy,0,closed,USA,NY,New York,US-Northeast,40.737216,-73.99094699999998,2006-01-01,2012-12-09,6.937713894592744,games_video,0,0,0,0,0,12000000,2,2007-01-01,2008-09-16,1.0,2.7096,0,0,1.0,1,
c:63053,PasswordBank,1,acquired,USA,CA,Sunnyvale,US-West,37.36883,-122.03635,2008-01-01,,1.4976043805612593,software,1,0,0,0,0,3500000,2,2008-03-01,2009-07-01,0.1644,1.4986,0,1,1.0,6,
c:668,SnapTell,1,acquired,USA,CA,Palo Alto,US-West,37.433414,-122.128772,2006-01-01,,1.429158110882957,software,1,0,0,0,0,4000000,1,2007-06-07,2007-06-07,1.4301,1.4301,0,0,4.0,5,
c:79149,Gigi Hill,0,closed,USA,CA,Yorba Linda,US-West,33.87751,-117.727046,2009-01-01,2013-07-16,4.5366187542778915,manufacturing,0,0,0,0,0,4000000,2,2011-06-15,2012-08-08,2.4521,3.6027,0,0,1.0,9,
c:17070,CloudShield Technologies,1,acquired,USA,CA,Sunnyvale,US-West,37.409618,-122.017792,2000-01-01,,7.709787816563997,software,1,0,0,0,0,25000000,2,2005-10-28,2007-09-17,5.8274,7.7151,1,0,4.5,11,
c:7329,Instinctiv,1,acquired,USA,NY,New York,US-Northeast,40.73901,-73.997259,2007-08-01,,3.759069130732375,mobile,0,0,1,0,0,1420698,3,2008-06-01,2011-05-05,0.8356,3.7616,1,1,2.0,5,
c:26666,Anchor Bay Technologies,1,acquired,USA,CA,Campbell,US-West,37.2496346,-121.9665932,2001-10-01,,5.327857631759069,semiconductor,0,0,0,0,0,10000000,2,2003-05-16,2007-01-29,1.6219,5.3315,1,0,3.0,5,
c:32475,Waze,1,acquired,USA,CA,Palo Alto,US-West,37.441537,-122.158332,2007-01-01,,4.7939767282683095,transportation,0,0,0,0,0,67000000,3,2008-03-01,2011-10-18,1.1644,4.7973,0,0,2.6667,18,
c:5585,Aster Data Systems,1,acquired,USA,CA,San Carlos,US-West,37.5068854,-122.2475729,2005-07-01,,5.2265571526351815,analytics,0,0,0,0,0,53000000,4,2005-11-01,2010-09-22,0.337,5.2301,0,1,4.5,13,
c:59298,Diversion,0,closed,USA,CA,Los Angeles,US-West,34.050451,-118.437775,2010-05-01,2012-06-01,2.086242299794661,games_video,0,0,0,0,0,300000,2,2010-10-18,2011-07-22,0.4658,1.2247,0,1,2.0,5,
c:19725,Codesion,1,acquired,USA,CA,Palo Alto,US-West,37.441537,-122.158332,2002-01-01,,8.49555099247091,software,1,0,0,0,0,1400000,3,2007-09-01,2010-07-01,5.6685,8.5014,0,1,1.0,4,
c:3770,Xoopit,1,acquired,USA,CA,San Francisco,US-West,37.76179550000001,-122.4092704,2004-01-01,,4.251882272416153,web,0,1,0,0,0,6500000,2,2006-12-01,2008-04-02,2.9178,4.2548,0,0,7.0,4,
c:13127,One Block Off the Grid (1BOG),1,acquired,USA,CA,San Francisco,US-West,37.79287100000001,-122.400747,2008-11-01,,1.2785763175906912,cleantech,0,0,0,0,0,5000000,1,2010-02-11,2010-02-11,1.2795,1.2795,0,0,1.0,8,
c:59187,Appature,1,acquired,USA,WA,Seattle,US-West,39.78373,-100.445882,2007-01-01,,5.530458590006845,enterprise,0,0,0,1,0,9600000,2,2009-12-07,2012-07-13,2.9342,5.5342,0,0,3.0,6,
c:253,Action Engine,1,acquired,USA,WA,Bellevue,US-West,47.631239,-122.16806,2000-02-01,,7.411362080766598,mobile,0,0,1,0,0,58200000,5,2000-05-01,2007-07-01,0.2466,7.4164,0,0,1.4,9,
c:1350,Blackwave,1,acquired,USA,MA,Acton,US-Northeast,42.49739,-71.416794,2006-01-01,,3.7453798767967146,network_hosting,0,0,0,0,0,28000000,3,2006-12-01,2009-09-30,0.9151,3.7479,0,0,2.6667,14,
c:26240,SoftLayer,1,acquired,USA,TX,Dallas,US-South,33.017317,-96.837682,2005-01-01,,5.2265571526351815,network_hosting,0,0,0,0,0,30000000,2,2009-09-30,2010-03-25,4.7479,5.2301,1,0,1.0,10,
c:3487,Mytopia,1,acquired,USA,CA,Palo Alto,US-West,34.007967,-118.489681,2007-01-01,,2.16290212183436,games_video,0,0,0,0,0,3500000,2,2008-01-01,2009-03-01,1.0,2.1644,0,1,2.0,10,
c:2478,JackPot Rewards,0,closed,USA,MA,Newton,US-Northeast,42.337037,-71.25174799999998,2008-01-01,2012-01-01,4.0,web,0,1,0,0,0,16700000,1,2008-02-01,2008-02-01,0.0849,0.0849,0,0,4.0,7,
c:42062,Andigilog,0,closed,USA,AZ,Tempe,US-West,33.414414,-111.909447,1996-01-01,2012-07-08,16.517453798767967,semiconductor,0,0,0,0,0,18000000,1,2007-02-20,2007-02-20,11.1452,11.1452,0,0,7.0,0,
c:51890,BARRX Medical,1,acquired,USA,CA,Sunnyvale,US-West,37.36883,-122.03635,2003-01-01,,7.531827515400411,medical,0,0,0,0,0,15000000,1,2010-07-14,2010-07-14,7.537000000000001,7.537000000000001,0,0,6.0,6,
c:17481,Power Analog Microelectronics,0,closed,USA,CA,Santa Clara,US-West,37.3767076,-121.997483,2004-01-01,2012-09-18,8.714579055441478,hardware,0,0,0,0,0,12000000,2,2007-12-01,2007-12-01,3.9178,3.9178,0,0,4.0,2,
c:148284,Classiphix,0,closed,USA,OH,Toledo,US-Midwest,41.678675,-83.51272800000002,2009-09-19,2013-05-01,3.6139630390143735,ecommerce,0,0,0,0,0,15000,1,2011-01-01,2011-01-01,1.2849,1.2849,0,1,1.0,1,
c:38095,StartupDigest,1,acquired,USA,WA,Seattle,US-West,47.603832,-122.330062,2009-11-16,,1.3086926762491444,news,0,0,0,0,0,200000,1,2011-03-09,2011-03-09,1.3096,1.3096,1,0,1.0,11,
c:42227,WiLinx,0,closed,USA,CA,Carlsbad,US-West,33.158093,-117.350597,2003-01-01,2012-01-04,9.007529089664613,semiconductor,0,0,0,0,0,15000000,1,2007-01-10,2007-01-10,4.0274,4.0274,0,0,1.0,0,
c:41006,Cohuman,1,acquired,USA,CA,San Francisco,US-West,37.779281,-122.419236,2009-10-09,,1.2292950034223136,enterprise,0,0,0,1,0,1400000,2,2009-09-09,2011-01-01,-0.0822,1.2301,0,1,3.0,4,
c:27938,Correlix,0,closed,USA,NY,New York,US-Northeast,40.707645,-74.010816,2006-01-01,2013-05-01,7.329226557152635,enterprise,0,0,0,1,0,11400000,4,2005-02-19,2012-02-14,-0.8658,6.1233,1,0,3.0,5,
c:28482,Redwood Systems,1,acquired,USA,CA,Fremont,US-West,37.4815098,-121.9453283,2008-01-01,,4.4106776180698155,cleantech,0,0,0,0,0,34250000,4,2008-10-03,2012-05-30,0.7562,4.4137,1,0,2.25,14,
c:5801,OtherInbox,1,acquired,USA,TX,Austin,US-South,30.269004,-97.740395,2008-01-01,,2.7186858316221767,messaging,0,0,0,0,0,3800000,4,2008-01-01,2010-09-20,0.0,2.7205,0,1,4.75,4,
c:17738,M-Factor,1,acquired,USA,CA,San Mateo,US-West,37.555962,-122.288006,2003-01-01,,6.11088295687885,software,1,0,0,0,0,10100000,2,2007-06-14,2009-02-10,4.4521,6.1151,1,0,3.0,3,
c:45112,Athena Design Systems,0,closed,USA,CA,Santa Clara,US-West,37.354469,-121.990433,2003-01-01,2012-01-01,8.999315537303216,software,1,0,0,0,0,4000000,1,2007-01-29,2007-01-29,4.0795,4.0795,0,0,6.0,0,
c:22726,Servo Software,1,acquired,USA,CA,San Mateo,US-West,37.552262,-122.292146,2008-01-01,,1.9548254620123204,software,1,0,0,0,0,3011408,1,2009-12-15,2009-12-15,1.9562,1.9562,0,0,1.0,11,
c:43458,Levanta,0,closed,USA,CA,San Mateo,US-West,37.551882,-122.313472,1998-01-01,2008-05-09,10.351813826146476,software,1,0,0,0,0,8000000,1,2007-09-23,2007-09-23,9.7315,9.7315,1,0,3.0,2,
c:195233,EdgeSpring,1,acquired,USA,CA,San Mateo,US-West,37.566009,-122.321646,2010-07-01,,2.8774811772758384,analytics,0,0,0,0,0,12700000,2,2010-07-01,2013-05-17,0.0,2.8795,0,0,1.5,15,
c:6219,DotSpots,0,closed,USA,CA,Torrance,US-West,33.831671,-118.315766,2007-09-01,2012-04-15,4.621492128678987,public_relations,0,0,0,0,0,300000,1,2007-09-01,2007-09-01,0.0,0.0,0,1,2.0,5,
c:38337,about.me,1,acquired,USA,CA,San Francisco,US-West,37.755068,-122.418026,2013-02-05,,0.0,web,0,1,0,0,0,5675000,1,2013-02-05,2013-02-05,0.0,0.0,1,0,4.0,21,
c:20672,Republic Project,1,acquired,USA,CA,Santa Monica,US-West,33.615663399999995,-111.8931647,2008-08-01,,4.084873374401095,advertising,0,0,0,0,0,1000000,1,2012-09-01,2012-09-01,4.0877,4.0877,0,1,5.0,13,
c:14483,Hit Systems,0,closed,USA,FL,Altamonte Springs,US-South,28.66677,-81.392794,2008-09-01,2013-01-10,4.358658453114305,enterprise,0,0,0,1,0,125000,1,2008-09-01,2008-09-01,0.0,0.0,0,1,1.0,2,
c:44616,Yamisee,0,closed,USA,CT,Westport,US-Northeast,39.364504,-84.247556,2010-01-01,2013-07-01,3.4962354551676933,web,0,1,0,0,0,700000,2,2010-03-24,2010-12-15,0.2247,0.9534,0,1,2.5,2,
c:60580,Thinkfuse,1,acquired,USA,WA,Seattle,US-West,47.603832,-122.330062,2010-08-01,,0.6433949349760438,enterprise,0,0,0,1,0,532000,2,2010-11-01,2011-03-24,0.2521,0.6438,0,1,5.0,6,
c:1111,EchoSign,1,acquired,USA,CA,Palo Alto,US-West,37.445326,-122.160671,2005-07-15,,2.212183436002738,web,0,1,0,0,0,8500000,2,2005-10-01,2007-10-01,0.2137,2.2137,0,0,1.0,8,
c:2955,PI Corporation,1,acquired,USA,WA,Seattle,US-West,47.602416,-122.332614,2003-01-01,,3.567419575633128,network_hosting,0,0,0,0,0,9400000,1,2006-07-27,2006-07-27,3.5699,3.5699,0,0,1.0,2,
c:148566,"MoveableCode, Inc.",0,closed,USA,RI,Providence,US-Northeast,41.818712,-71.411775,2010-01-01,2012-01-14,2.0342231348391513,mobile,0,0,1,0,0,350000,2,2009-01-01,2012-04-01,-1.0,2.2493,0,1,1.0,3,
c:703,Daylife,1,acquired,USA,NY,New York,US-Northeast,40.643438,-73.886452,2006-04-01,,3.2087611225188226,enterprise,0,0,0,1,0,12300000,2,2007-06-01,2009-06-16,1.1671,3.2110000000000003,0,0,1.5,16,
c:38721,Desktone,1,acquired,USA,MA,Chelmsford,US-Northeast,42.599814,-71.367284,2006-01-01,,5.95482546201232,network_hosting,0,0,0,0,0,25413298,5,2007-07-30,2011-12-16,1.5753,5.9589,1,0,3.0,6,
c:79431,Pulse,1,acquired,USA,CA,San Francisco,US-West,37.779281,-122.419236,2010-05-01,,1.1252566735112937,news,0,0,0,0,0,9800000,2,2010-10-06,2011-06-16,0.4329,1.126,0,1,4.5,23,
c:50449,Opzi,0,closed,USA,CA,San Francisco,US-West,37.779281,-122.419236,2010-05-01,2013-07-01,3.167693360711841,games_video,0,0,0,0,0,1015000,2,2010-01-01,2010-09-01,-0.3288,0.337,0,1,5.0,5,
c:61783,Standing Cloud,1,acquired,USA,CO,Boulder,US-West,40.011355,-105.274166,2009-01-01,,3.468856947296372,enterprise,0,0,0,1,0,10000003,5,2009-01-01,2012-06-21,0.0,3.4712,1,0,1.5,4,
c:10199,Where I've Been,1,acquired,USA,IL,Chicago,US-Midwest,41.916619,-87.686634,2007-06-08,,2.8528405201916494,travel,0,0,0,0,0,1750000,2,2008-03-15,2010-04-15,0.7699,2.8548,1,1,1.0,3,
c:37304,HipChat,1,acquired,USA,CA,San Francisco,US-West,37.779281,-122.419236,2009-09-01,,0.9390828199863107,messaging,0,0,0,0,0,100000,1,2010-08-10,2010-08-10,0.9397,0.9397,0,1,3.0,4,
c:179507,ScaleIO,1,acquired,USA,CA,Palo Alto,US-West,37.441537,-122.158332,2011-01-01,,1.9247091033538672,software,1,0,0,0,0,12000000,1,2012-12-04,2012-12-04,1.926,1.926,1,0,2.0,1,
c:55122,GroupMe,1,acquired,USA,NY,New York,US-Northeast,40.730646,-73.986614,2010-05-01,,0.6789869952087612,messaging,0,0,0,0,0,11450000,2,2010-08-25,2011-01-04,0.3178,0.6795,0,1,8.5,16,
c:11498,WeAre.Us,0,closed,USA,CA,San Francisco,US-West,37.7611016,-122.4160008,2007-12-01,2012-04-23,4.394250513347022,advertising,0,0,0,0,0,50000,1,2008-08-01,2008-08-01,0.6685,0.6685,0,1,3.0,7,
c:16134,Kickfire,0,closed,USA,CA,Santa Clara,US-West,37.381876,-121.95993,2006-01-01,2010-06-17,4.457221081451061,software,1,0,0,0,0,20000000,1,2008-07-31,2008-07-31,2.5808,2.5808,0,0,4.0,4,
c:35511,"LifeSize, a Division of Logitech",1,acquired,USA,TX,Austin,US-South,30.265927,-97.783642,2003-01-01,,3.7125256673511293,public_relations,0,0,0,0,0,42500000,2,2005-12-19,2006-09-18,2.9671,3.7151,0,0,5.5,16,
c:30152,CHiL Semiconductor,1,acquired,USA,CA,"El Segundo,",US-West,33.916552,-118.397491,2006-01-01,,2.346338124572211,semiconductor,0,0,0,0,0,22487000,3,2006-01-01,2008-05-07,0.0,2.3479,1,0,2.3333,7,
c:27339,Aptana,1,acquired,USA,CA,San Mateo,US-West,37.5568425,-122.2884881,2007-01-01,,2.532511978097194,software,1,0,0,0,0,7800000,1,2009-07-14,2009-07-14,2.5342,2.5342,1,0,2.0,3,
c:25510,Enpirion,1,acquired,USA,NJ,Hampton,US-Northeast,40.707045,-74.95600300000002,2001-01-01,,10.242299794661191,semiconductor,0,0,0,0,0,59000000,4,2004-12-21,2011-03-31,3.9726,10.2493,0,0,6.0,8,
c:33519,RFinity,0,closed,USA,ID,Idaho Falls,US-West,43.493525,-112.040092,2008-10-01,2013-06-01,4.6652977412731005,mobile,0,0,1,0,0,4000000,1,2011-02-01,2011-02-01,2.337,2.337,0,0,1.0,5,
c:42223,ecoATM,1,acquired,USA,CA,San Diego,US-West,32.901049,-117.192656,2008-08-02,,4.514715947980835,cleantech,0,0,0,0,0,71400000,4,2010-02-17,2013-02-06,1.5452,4.5178,1,0,2.6667,6,
c:42497,Adura Technologies,1,acquired,USA,CA,San Francisco,US-West,37.779281,-122.419236,2008-01-01,,4.317590691307323,cleantech,0,0,0,0,0,25500000,3,2008-10-16,2012-04-26,0.7918,4.3205,0,0,2.6667,5,
c:15123,Rhythm NewMedia,1,acquired,USA,CA,Mountain View,US-West,39.78373,-100.445882,2005-01-01,,7.693360711841205,advertising,0,0,0,0,0,28932322,4,2010-11-10,2012-09-11,5.8603,7.6986,1,0,2.6667,28,
c:23588,Topsy Labs,1,acquired,USA,CA,San Francisco,US-West,37.775196,-122.419204,2007-01-15,,5.711156741957564,analytics,0,0,0,0,0,35200000,6,2008-01-01,2012-10-01,0.9616,5.7151,1,0,2.3333,18,
c:38273,Digit Wireless,0,closed,USA,MA,Burlington,US-Northeast,42.504817,-71.195611,2000-01-01,2012-01-01,12.0,public_relations,0,0,0,0,0,10000000,2,2005-03-14,2008-02-11,5.2027,8.1178,1,0,2.5,2,
c:15018,Silver Tail Systems,1,acquired,USA,CA,Menlo Park,US-West,37.428087700000006,-122.143368,2008-01-08,,3.704312114989733,analytics,0,0,0,0,0,22100000,3,2008-09-26,2011-09-22,0.7178,3.7068,1,0,2.6667,11,
c:37335,Tatara Systems,1,acquired,USA,MA,Acton,US-Northeast,42.485093,-71.43284,2001-01-01,,9.470225872689939,mobile,0,0,1,0,0,33000000,5,2004-01-20,2010-06-22,3.0521,9.4767,1,0,2.0,4,
c:31559,Reliant Technologies,1,acquired,USA,CA,Mountain View,US-West,37.400115,-122.052208,2001-01-01,,6.294318959616701,biotech,0,0,0,0,1,15000000,1,2007-04-19,2007-04-19,6.2986,6.2986,0,0,3.0,9,
c:9665,Atrua Technologies,1,acquired,USA,CA,Campbell,US-West,37.2624049,-121.95770520000002,2000-01-01,,9.152635181382614,mobile,0,0,1,0,0,13000000,3,2006-12-07,2009-02-25,6.937,9.1589,0,0,3.0,6,
c:18163,Casabi,1,acquired,USA,CA,Campbell,US-West,37.293687,-121.934573,2004-01-01,,3.19233401779603,mobile,0,0,1,0,0,12800000,2,2005-12-19,2007-03-12,1.9671,3.1945,0,0,2.5,5,
c:14345,Peek & Co,0,closed,USA,NY,New York,US-Northeast,40.73901,-73.997259,2007-11-01,2013-02-22,5.3114305270362765,mobile,0,0,1,0,0,626096,2,2008-01-01,2011-08-12,0.1671,3.7808,1,0,1.0,6,
c:33416,Bluefin Labs,1,acquired,USA,MA,Cambridge,US-Northeast,42.3751,-71.105616,2008-06-01,,3.646817248459959,analytics,0,0,0,0,0,20350000,4,2008-04-01,2012-01-24,-0.1671,3.6493,0,1,3.75,12,
c:40147,C2 Microsystems,0,closed,USA,CA,San Jose,US-West,37.404788,-121.940842,2004-01-01,2012-11-05,8.845995893223819,hardware,0,0,0,0,0,10000000,1,2009-10-12,2009-10-12,5.7836,5.7836,1,0,3.0,1,
c:62269,GoPollGo,1,acquired,USA,CA,Palo Alto,US-West,37.4210225,-122.1377411,2011-01-01,,0.5667351129363449,web,0,1,0,0,0,425000,1,2011-07-27,2011-07-27,0.5671,0.5671,0,1,2.0,5,
c:16273,Multigig,1,acquired,USA,CA,Scotts Valley,US-West,35.966068,-115.118671,2003-01-01,,7.972621492128679,semiconductor,0,0,0,0,0,37891054,3,2008-05-12,2010-12-22,5.3644,7.9781,1,0,3.0,5,
c:38196,Ortiva Wireless,1,acquired,USA,CA,La Jolla,US-West,32.833501,-117.26162,2004-01-01,,7.756331279945243,mobile,0,0,1,0,0,40000000,5,2005-02-01,2011-10-04,1.0877,7.7616,1,0,4.0,9,
c:5411,Sometrics,1,acquired,USA,CA,El Segundo,US-West,34.048857,-118.251343,2007-09-01,,2.1245722108145104,games_video,0,0,0,0,0,5550000,3,2008-05-14,2009-10-16,0.7014,2.126,0,0,3.0,10,
c:54465,Kima Labs,1,acquired,USA,CA,San Francisco,US-West,37.78699829999999,-122.400893,2010-01-01,,0.5804243668720055,mobile,0,0,1,0,0,770000,1,2010-08-01,2010-08-01,0.5808,0.5808,0,1,6.0,3,
c:34267,Chronicity,0,closed,USA,TX,Addison,US-South,32.960431,-96.83026,2006-09-01,2012-04-01,5.582477754962355,consulting,0,0,0,0,0,19550000,4,2006-10-10,2011-05-26,0.1068,4.7342,1,0,1.0,0,
c:1042,Whiskey Media,1,acquired,USA,CA,San Francisco,US-West,40.730646,-73.986614,2007-10-01,,2.2505133470225873,web,0,1,0,0,0,4000000,2,2009-03-24,2009-12-31,1.4795,2.2521,1,0,1.0,6,
c:1756,Jobfox,1,acquired,USA,VA,McLean,US-South,38.92719,-77.21696899999998,2004-03-01,,5.815195071868583,web,0,1,0,0,0,42000000,4,2005-04-01,2009-12-24,1.0849,5.8192,0,0,2.3333,14,
c:31452,Natural Cleaners Colorado,0,closed,USA,CO,Avon,US-West,39.6350086,-106.5213459,2005-01-01,2010-03-05,5.171800136892539,other,0,0,0,0,0,1900000,1,2008-08-27,2008-08-27,3.6548,3.6548,0,0,1.0,0,
c:39101,Gaikai,1,acquired,USA,CA,Aliso Viejo,US-West,33.570171,-117.710676,2008-11-01,,2.7132101300479126,games_video,0,0,0,0,0,45039999,3,2010-01-05,2011-07-20,1.1781,2.7151,0,0,3.6667,21,
c:60186,Blue Buzz Network,0,closed,USA,CA,San Francisco,US-West,37.779281,-122.419236,2006-01-01,2013-06-01,7.41409993155373,news,0,0,0,0,0,1310000,1,2010-07-13,2010-07-13,4.5315,4.5315,1,0,4.0,1,
c:74341,Max-Viz,1,acquired,USA,OR,Portland,US-West,45.520247,-122.674195,2001-01-01,,6.997946611909651,hardware,0,0,0,0,0,3000000,1,2008-01-01,2008-01-01,7.0027,7.0027,0,0,3.0,3,
c:3950,Cotendo,1,acquired,USA,CA,Sunnyvale,US-West,37.504764,-122.259568,2008-01-01,,3.4524298425735798,software,1,0,0,0,0,36000000,4,2008-01-01,2011-06-15,0.0,3.4548,0,0,3.0,9,
c:60457,Particle Code,1,acquired,USA,CA,Palo Alto,US-West,37.445586,-122.161929,2010-05-01,,0.16427104722792607,software,1,0,0,0,0,3000000,1,2010-06-30,2010-06-30,0.1644,0.1644,1,0,1.0,3,
c:7748,Flowgram,0,closed,USA,CA,San Francisco,US-West,37.7710177,-122.4025976,2007-06-01,2008-06-11,1.0294318959616702,web,0,1,0,0,0,1300000,1,2008-01-31,2008-01-31,0.6685,0.6685,0,1,8.0,1,
c:35903,JavaJobs,0,closed,USA,AR,Little Rock,US-South,34.748528,-92.287158,1997-01-01,2012-11-03,15.838466803559205,software,1,0,0,0,0,50000,1,2006-10-01,2006-10-01,9.7534,9.7534,1,0,1.0,1,
c:714,Behance,1,acquired,USA,NY,New York,US-Northeast,40.74406,-74.004592,2006-02-01,,6.28062970568104,web,0,1,0,0,0,6500000,1,2012-05-14,2012-05-14,6.2849,6.2849,0,0,8.0,15,
c:90087,Locu,1,acquired,USA,MA,Cambridge,US-Northeast,42.3751,-71.105616,2011-01-01,,1.3086926762491444,advertising,0,0,0,0,0,4600000,2,2011-09-07,2012-04-23,0.6822,1.3096,0,1,9.0,5,
c:9373,dynaTrace software,1,acquired,USA,MA,Waltham,US-Northeast,42.391389,-71.270987,2005-01-01,,6.015058179329227,software,1,0,0,0,0,21900000,3,2007-02-15,2011-01-07,2.1233,6.0192,1,0,1.6667,5,
c:16343,Socialbomb,1,acquired,USA,NY,New York,US-Northeast,40.730646,-73.986614,2008-06-05,,0.49007529089664614,games_video,0,0,0,0,0,240000,1,2008-12-01,2008-12-01,0.4904,0.4904,0,1,2.0,6,
c:13734,Imagine Communications,1,acquired,USA,CA,San Diego,US-West,32.9388917,-117.2398594,2005-01-01,,5.297741273100616,software,1,0,0,0,0,34700000,4,2005-01-01,2010-04-20,0.0,5.3014,1,0,2.25,17,
c:4060,Univa UD,1,acquired,USA,IL,Lisle,US-Midwest,41.808458,-88.073008,2004-05-10,,5.867214236824093,software,1,0,0,0,0,33000000,4,2005-08-01,2010-03-23,1.2274,5.8712,1,0,5.3333,4,
c:58420,Tutorspree,0,closed,USA,NY,New York,US-Northeast,40.7908157,-73.9722939,2010-09-01,2013-09-08,3.0198494182067077,education,0,0,0,0,0,1800000,2,2011-12-20,2013-02-18,1.3014,2.4685,1,1,5.0,3,
c:815,OneRiot,1,acquired,USA,CO,Boulder,US-West,40.01621,-105.28131,2006-01-01,,3.652292950034223,advertising,0,0,0,0,0,27300000,3,2006-01-01,2009-08-27,0.0,3.6548,0,0,3.0,14,
c:42112,Moonshoot,0,closed,USA,CA,Palo Alto,US-West,37.440682,-122.123103,2007-01-01,2012-02-01,5.084188911704312,web,0,1,0,0,0,6760000,2,2010-02-18,2012-04-01,3.1342,5.2521,1,0,1.5,6,
c:16178,ArcSight,1,acquired,USA,CA,Cupertino,US-West,37.31679000000001,-122.05079,2000-01-01,,6.494182067077344,software,1,0,0,0,0,26914000,3,2000-01-01,2006-06-30,0.0,6.4986,0,0,6.0,24,
c:27021,AGEIA Technologies,1,acquired,USA,CA,Santa Clara,US-West,37.354469,-121.990433,2002-01-01,,3.753593429158111,semiconductor,0,0,0,0,0,27500000,1,2005-10-03,2005-10-03,3.7562,3.7562,0,0,7.0,1,
c:43133,U.S. Fiduciary,0,closed,USA,TX,Houston,US-South,29.758938,-95.367697,2003-01-01,2009-04-17,6.291581108829569,other,0,0,0,0,0,9000000,1,2007-04-12,2007-04-12,4.2795,4.2795,0,0,2.0,4,
c:25756,Broadway Networks,0,closed,USA,CA,San Jose,US-West,37.336191,-121.890583,2006-01-01,2011-01-01,4.999315537303217,public_relations,0,0,0,0,0,954000,1,2010-01-13,2010-01-13,4.0356,4.0356,1,0,1.0,3,
c:17884,Xelerated,1,acquired,USA,CA,Santa Clara,US-West,59.3352318,18.0571206,2000-01-01,,8.618754277891854,semiconductor,0,0,0,0,0,53000000,3,2005-04-20,2008-08-14,5.3041,8.6247,0,0,4.6667,4,
c:208,Oodle,1,acquired,USA,CA,San Mateo,US-West,37.563585,-122.324621,2004-01-01,,6.672142368240931,social,0,0,0,0,0,23100000,4,2006-05-01,2010-09-03,2.3315,6.6767,1,0,2.0,17,
c:1078,The Climate Corporation,1,acquired,USA,CA,San Francisco,US-West,37.782809,-122.394354,2006-01-01,,6.450376454483231,cleantech,0,0,0,0,0,108900000,4,2007-01-01,2012-06-14,1.0,6.4548,0,0,7.5,28,
c:1600,Kosmix,1,acquired,USA,CA,Mountain View,US-West,37.3867729,-122.07522240000002,2005-01-01,,3.9342915811088295,web,0,1,0,0,0,55000000,4,2005-11-01,2008-12-08,0.8329,3.937,0,0,2.75,26,
c:12071,Xtify Inc.,1,acquired,USA,NY,New York,US-Northeast,40.729839,-73.991781,2009-04-01,,2.8528405201916494,mobile,0,0,1,0,0,5686383,2,2010-05-01,2012-02-07,1.0822,2.8548,0,0,2.0,9,
c:24681,Limerick BioPharma,0,closed,USA,CA,South San Francisco,US-West,37.658713,-122.399382,2004-01-01,2013-06-01,9.415468856947296,biotech,0,0,0,0,1,49008830,6,2008-06-11,2012-01-30,4.4466,8.0849,1,0,3.0,4,
c:96,iSkoot,1,acquired,USA,CA,San Francisco,US-West,37.780134,-122.396744,2005-04-22,,3.5455167693360714,mobile,0,0,1,0,0,32200000,3,2006-11-29,2008-11-07,1.6055,3.5479,0,0,4.0,10,
c:15509,Rudder,0,closed,USA,TX,Houston,US-South,29.739322,-95.444747,2006-10-01,2010-11-05,4.095824777549623,web,0,1,0,0,0,2000000,1,2008-01-15,2008-01-15,1.2904,1.2904,0,0,1.0,3,
c:52378,Panvidea,1,acquired,USA,NY,New York,US-Northeast,40.750519,-73.993494,2007-01-01,,3.2114989733059547,games_video,0,0,0,0,0,2700000,1,2010-03-19,2010-03-19,3.2137,3.2137,0,0,2.0,5,
c:167,Sway,0,closed,USA,WI,Middleton,US-Midwest,43.090756,-89.522805,2004-12-03,2012-12-02,7.997262149212868,advertising,0,0,0,0,0,2000000,1,2010-01-19,2010-01-19,5.1315,5.1315,0,0,2.0,6,
c:17758,TRAFFIQ,1,acquired,USA,NY,New York,US-Northeast,40.7429533,-73.98446109999998,2006-09-06,,3.9260780287474333,advertising,0,0,0,0,0,18000000,3,2006-09-06,2010-08-10,0.0,3.9288,1,0,2.3333,16,
c:8339,Dexterra,1,acquired,USA,WA,Bothell,US-West,47.802184,-122.196307,2000-01-01,,8.752908966461328,mobile,0,0,1,0,0,122500000,5,2005-08-17,2008-10-02,5.6301,8.7589,1,0,5.6,9,
c:21343,CoTweet,1,acquired,USA,CA,San Francisco,US-West,37.7405936,-122.3764714,2009-01-01,,0.5174537987679672,advertising,0,0,0,0,0,1100000,1,2009-07-09,2009-07-09,0.5178,0.5178,0,0,6.0,9,
c:41747,Reef Point Systems,0,closed,USA,MA,Burlington,US-Northeast,42.504817,-71.195611,1998-01-01,2008-06-25,10.480492813141684,security,0,0,0,0,0,52000000,3,2005-04-01,2007-03-23,7.2521,9.2274,1,0,2.6667,1,
c:31549,Paracor Medical,0,closed,USA,CA,Sunnyvale,US-West,37.408261,-122.01592,1999-01-01,2012-06-17,13.45927446954141,biotech,0,0,0,0,1,44000000,1,2007-06-29,2007-06-29,8.4959,8.4959,0,0,8.0,5,
c:33198,Causata,1,acquired,USA,CA,San Francisco,US-West,37.556732,-122.288378,2009-01-01,,2.830937713894593,software,1,0,0,0,0,15500000,2,2009-10-05,2011-11-01,0.7589,2.8329,0,0,1.0,12,
c:26702,Asempra Technologies,1,acquired,USA,CA,Santa Clara,US-West,37.386778,-121.966277,2003-01-01,,3.1184120465434635,security,0,0,0,0,0,20000000,1,2006-02-13,2006-02-13,3.1205,3.1205,0,0,3.0,4,
