id,status,founded_at,closed_at,acquired_at,ipo_at,age,city,country,region,primary_industry,is_software,is_web,is_mobile,is_b2b,regulated,funding_total_usd,funding_stage,num_rounds,age_first_funding,age_last_funding,lead_investor_tier,has_vc_backing,num_founders,repeat_founder,accelerator,avg_investor_participation,revenue_bucket,growth_indicator
c:6669,acquired,2007-01-01,,,,18.013698630136986,San Diego,USA,US-West,,1,1,0,,0,,roundA,0,,,Other,0,,,,1.0,,
c:16283,acquired,2000-01-01,,,,25.019178082191782,Los Gatos,USA,US-West,,1,1,0,,0,,roundB,3,,,Top,1,,,,4.75,,
c:65620,acquired,2009-03-18,,,,15.802739726027397,San Diego,USA,US-West,,1,1,0,,0,,roundA,1,,,Top,0,,,,4.0,,
c:42668,acquired,2002-01-01,,,,23.016438356164382,Cupertino,USA,US-West,,1,1,0,,0,,roundB,3,,,Top,0,,,,3.3333,,
c:65806,closed,2010-08-01,2012-10-01,,,2.16986301369863,San Francisco,USA,US-West,,1,1,0,,0,,roundA,0,,,Top,1,,,,1.0,,
c:22898,closed,2002-01-01,2009-02-15,,,7.1287671232876715,Mountain View,USA,US-West,,1,1,0,,0,,roundB,1,,,Top,0,,,,3.0,,
c:16191,acquired,2005-01-01,,,,20.013698630136986,Mountain View,USA,US-West,,1,1,0,,0,,roundA,2,,,Top,1,,,,1.6667,,
c:5192,acquired,2004-01-01,,,,21.016438356164382,San Rafael,USA,US-West,,1,1,0,,0,,roundA,3,,,Top,0,,,,3.5,,
c:1043,acquired,2002-01-01,,,,23.016438356164382,Williamstown,USA,US-East,,1,1,0,,0,,roundA,2,,,Top,1,,,,4.0,,
c:498,acquired,2005-06-01,,,,19.6,Palo Alto,USA,US-West,,1,1,0,,0,,roundA,1,,,Top,1,,,,1.0,,
c:3949,acquired,2000-11-15,,,,24.145205479452056,Menlo Park,USA,US-West,,1,1,0,,0,,roundA,2,,,Top,0,,,,1.0,,
c:4829,closed,2006-01-01,2011-12-02,,,5.920547945205479,Menlo Park,USA,US-West,,1,1,0,,0,,roundA,1,,,Top,1,,,,1.75,,
c:30290,closed,2004-01-01,2012-04-27,,,8.326027397260274,Louisville,USA,Other,,1,1,0,,0,,roundA,0,,,Other,1,,,,1.0,,
c:1491,acquired,2007-11-26,,,,17.112328767123287,Brooklyn,USA,US-East,,1,1,0,,0,,roundA,3,,,Top,0,,,,2.3333,,
c:15645,acquired,2001-01-01,,,,24.016438356164382,Denver,USA,Other,,1,1,0,,0,,roundA,2,,,Top,0,,,,2.5,,
c:54177,closed,1999-01-01,2010-03-28,,,11.243835616438357,Vienna,USA,Other,,1,1,0,,0,,roundA,0,,,Other,1,,,,1.0,,
c:16770,closed,2003-01-01,2012-09-22,,,9.73150684931507,Los Altos,USA,US-West,,1,1,0,,0,,roundA,4,,,Top,1,,,,3.5,,
c:107,acquired,2000-07-01,,,,24.52054794520548,Burlingame,USA,US-West,,1,1,0,,0,,roundA,4,,,Top,0,,,,3.5,,
c:50727,acquired,2010-01-01,,,,15.01095890410959,New York,USA,US-East,,1,1,0,,0,,roundA,1,,,Top,0,,,,5.0,,
c:26368,closed,2007-01-01,2011-09-10,,,4.693150684931507,Palo Alto,USA,US-West,,1,1,0,,0,,roundA,2,,,Top,0,,,,1.0,,
c:22291,acquired,2001-01-01,,,,24.016438356164382,Austin,USA,US-South,,1,1,0,,0,,roundA,1,,,Other,0,,,,1.5,,
c:17857,closed,2004-01-01,2011-09-28,,,7.745205479452054,Seattle,USA,US-West,,1,1,0,,0,,roundB,1,,,Top,0,,,,2.0,,
c:15888,closed,2002-01-01,2008-07-25,,,6.567123287671233,Palo Alto,USA,US-West,,1,1,0,,0,,roundA,1,,,Other,0,,,,2.0,,
c:10751,closed,2008-01-01,2013-08-02,,,5.589041095890411,San Francisco,USA,US-West,,1,1,0,,0,,roundA,1,,,Other,0,,,,2.0,,
c:458,closed,2007-05-01,2010-02-01,,,2.758904109589041,Boulder,USA,Other,,1,1,0,,0,,roundA,1,,,Top,0,,,,4.5,,
c:45525,acquired,2002-01-01,,,,23.016438356164382,Chicago,USA,Other,,1,1,0,,0,,roundC,1,,,Top,0,,,,4.0,,
c:3193,acquired,2003-01-01,,,,22.016438356164382,Palo Alto,USA,US-West,,1,1,0,,0,,roundC,1,,,Top,0,,,,4.0,,
c:28456,acquired,2008-06-01,,,,16.5972602739726,Berkeley,USA,US-West,,1,1,0,,0,,roundB,1,,,Top,0,,,,2.0,,
c:36920,acquired,2007-05-01,,,,17.684931506849313,Austin,USA,US-South,,1,1,0,,0,,roundA,2,,,Top,1,,,,1.75,,
c:35712,acquired,2005-05-24,,,,19.621917808219177,Santa Ana,USA,US-West,,1,1,0,,0,,roundA,0,,,Top,1,,,,2.0,,
c:21492,closed,2007-01-01,2012-11-14,,,5.873972602739726,Moffett Field,USA,US-West,,1,1,0,,0,,roundA,2,,,Top,0,,,,2.0,,
c:28768,acquired,2001-01-01,,,,24.016438356164382,Seattle,USA,US-West,,1,1,0,,0,,roundB,1,,,Top,1,,,,1.5,,
c:27741,closed,2006-10-01,2012-02-17,,,5.383561643835616,Durham,USA,Other,,1,1,0,,0,,roundA,2,,,Top,0,,,,2.5,,
c:150658,acquired,2011-01-01,,,,14.01095890410959,San Francisco,USA,US-West,,1,1,0,,0,,roundA,0,,,Top,1,,,,5.0,,
c:34338,closed,2009-06-01,2012-05-27,,,2.989041095890411,Pittsburgh,USA,Other,,1,1,0,,0,,roundA,0,,,Other,0,,,,1.0,,
c:45111,closed,2004-07-01,2008-10-01,,,4.254794520547946,New York,USA,US-East,,1,1,0,,0,,roundB,1,,,Top,0,,,,1.0,,
c:3178,closed,2007-01-01,2011-01-28,,,4.076712328767123,San Francisco,USA,US-West,,1,1,0,,0,,roundA,2,,,Top,0,,,,2.0,,
c:35402,closed,2005-01-01,2013-06-01,,,8.419178082191781,San Jose,USA,US-West,,1,1,0,,0,,roundB,2,,,Top,0,,,,4.5,,
c:22856,acquired,2008-10-01,,,,16.263013698630136,San Francisco,USA,US-West,,1,1,0,,0,,roundA,1,,,Top,0,,,,2.3333,,
c:1224,acquired,2006-03-01,,,,18.852054794520548,New York,USA,US-East,,1,1,0,,0,,roundA,3,,,Top,1,,,,2.75,,
c:1234,acquired,2006-05-01,,,,18.684931506849313,Atlanta,USA,US-South,,1,1,0,,0,,roundA,3,,,Top,0,,,,3.0,,
c:149809,acquired,2011-08-01,,,,13.43013698630137,Manchester,USA,Other,,1,1,0,,0,,roundA,0,,,Other,0,,,,1.0,,
c:13733,closed,2008-01-01,2011-02-15,,,3.126027397260274,Menlo Park,USA,US-West,,1,1,0,,0,,roundA,1,,,Top,1,,,,1.0,,
c:39106,acquired,2004-05-11,,,,20.65753424657534,Seattle,USA,US-West,,1,1,0,,0,,roundC,1,,,Top,0,,,,2.0,,
c:5306,acquired,2002-01-01,,,,23.016438356164382,Sunnyvale,USA,US-West,,1,1,0,,0,,roundC,1,,,Top,0,,,,3.0,,
c:16303,acquired,2003-01-01,,,,22.016438356164382,Sunnyvale,USA,US-West,,1,1,0,,0,,roundB,1,,,Top,0,,,,5.0,,
c:43188,acquired,2009-12-01,,,,15.095890410958905,New York,USA,US-East,,1,1,0,,0,,roundA,1,,,Top,0,,,,2.0,,
c:33507,acquired,2009-10-17,,,,15.219178082191782,Cambridge,USA,US-East,,1,1,0,,0,,roundA,1,,,Top,0,,,,1.0,,
c:68157,acquired,2010-05-24,,,,14.61917808219178,San Francisco,USA,US-West,,1,1,0,,0,,roundA,0,,,Top,0,,,,9.5,,
c:2395,acquired,2002-10-01,,,,22.268493150684932,San Mateo,USA,US-West,,1,1,0,,0,,roundD,1,,,Top,0,,,,2.0,,
c:38220,acquired,2006-01-01,,,,19.013698630136986,South San Francisco,USA,US-West,,1,1,0,,0,,roundA,1,,,Top,0,,,,1.0,,
c:49815,acquired,2009-01-01,,,,16.01095890410959,Boston,USA,US-East,,1,1,0,,0,,roundA,0,,,Top,0,,,,1.0,,
c:249,acquired,2004-11-01,,,,20.18082191780822,Austin,USA,US-South,,1,1,0,,0,,roundA,1,,,Top,0,,,,3.0,,
c:22027,acquired,2000-01-01,,,,25.019178082191782,Waltham,USA,US-East,,1,1,0,,0,,roundD,1,,,Top,1,,,,5.0,,
c:109,acquired,2006-05-01,,,,18.684931506849313,San Francisco,USA,US-West,,1,1,0,,0,,roundA,4,,,Top,1,,,,5.0,,
c:43948,closed,2004-01-01,2009-01-01,,,5.005479452054795,Palo Alto,USA,US-West,,1,1,0,,0,,roundA,1,,,Top,1,,,,2.0,,
c:765,acquired,2006-01-01,,,,19.013698630136986,Palo Alto,USA,US-West,,1,1,0,,0,,roundA,2,,,Top,1,,,,2.0,,
c:19257,acquired,2005-02-01,,,,19.92876712328767,Aliso Viejo,USA,US-West,,1,1,0,,0,,roundC,1,,,Top,0,,,,2.0,,
c:25827,acquired,2007-07-01,,,,17.517808219178082,Sunnyvale,USA,US-West,,1,1,0,,0,,roundA,2,,,Top,0,,,,3.3333,,
c:5932,acquired,2000-07-01,,,,24.52054794520548,Kansas City,USA,Other,,1,1,0,,0,,roundA,2,,,Top,0,,,,4.5,,
c:35157,closed,1999-12-01,2011-11-11,,,11.953424657534246,Wilmington,USA,US-East,,1,1,0,,0,,roundB,1,,,Top,0,,,,2.0,,
c:8596,closed,2005-01-01,2011-07-28,,,6.572602739726028,San Francisco,USA,US-West,,1,1,0,,0,,roundA,1,,,Top,0,,,,1.0,,
c:19861,acquired,2001-01-01,,,,24.016438356164382,Kirkland,USA,US-West,,1,1,0,,0,,roundC,1,,,Top,1,,,,3.0,,
c:45114,closed,2001-01-01,2012-10-01,,,11.756164383561643,Tampa,USA,US-South,,1,1,0,,0,,roundA,0,,,Other,1,,,,3.0,,
c:23533,acquired,2008-12-01,,,,16.095890410958905,Boston,USA,US-East,,1,1,0,,0,,roundA,1,,,Top,0,,,,3.0,,
c:25325,acquired,2006-01-01,,,,19.013698630136986,Alameda,USA,US-West,,1,1,0,,0,,roundB,1,,,Top,0,,,,1.0,,
c:8351,closed,1999-12-01,2012-01-01,,,12.093150684931507,Bothell,USA,US-West,,1,1,0,,0,,roundA,0,,,Top,1,,,,4.0,,
c:10392,acquired,2006-02-02,,,,18.926027397260274,Boulder,USA,Other,,1,1,0,,0,,roundA,0,,,Other,1,,,,2.0,,
c:26128,acquired,2000-01-01,,,,25.019178082191782,San Mateo,USA,US-West,,1,1,0,,0,,roundA,0,,,Top,0,,,,2.0,,
c:2808,acquired,2005-09-01,,,,19.34794520547945,San Francisco,USA,US-West,,1,1,0,,0,,roundA,2,,,Top,0,,,,3.3333,,
c:10581,acquired,2008-01-01,,,,17.013698630136986,San Francisco,USA,US-West,,1,1,0,,0,,roundA,1,,,Top,0,,,,3.0,,
c:190214,acquired,2012-06-12,,,,12.564383561643835,Sunnyvale,USA,US-West,,1,1,0,,0,,roundA,0,,,Other,0,,,,1.0,,
c:1674,acquired,2006-01-01,,,,19.013698630136986,Tampa,USA,US-South,,1,1,0,,0,,roundA,0,,,Top,0,,,,1.5,,
c:170,acquired,2003-01-01,2001-02-01,,,-1.915068493150685,San Francisco,USA,US-West,,1,1,0,,0,,roundA,4,,,Top,0,,,,1.6667,,
c:27740,closed,2007-01-01,2008-07-14,,,1.5342465753424657,Dallas,USA,US-South,,1,1,0,,0,,roundA,1,,,Top,0,,,,1.0,,
c:46186,closed,2003-01-01,2008-02-07,,,5.104109589041096,Fremont,USA,US-West,,1,1,0,,0,,roundB,1,,,Top,1,,,,4.0,,
c:43162,closed,1998-01-01,2011-01-01,,,13.008219178082191,Santa Clara,USA,US-West,,1,1,0,,0,,roundA,0,,,Top,1,,,,1.0,,
c:43233,acquired,2010-03-01,,,,14.849315068493151,San Francisco,USA,US-West,,1,1,0,,0,,roundA,2,,,Top,0,,,,4.0,,
c:1498,acquired,2006-01-01,,,,19.013698630136986,New York,USA,US-East,,1,1,0,,0,,roundA,3,,,Top,0,,,,2.6667,,
c:31514,closed,2008-08-01,2013-05-01,,,4.750684931506849,Cambridge,USA,US-East,,1,1,0,,0,,roundA,0,,,Top,1,,,,1.0,,
c:58944,acquired,2010-09-09,,,,14.323287671232876,San Francisco,USA,US-West,,1,1,0,,0,,roundA,2,,,Top,0,,,,2.25,,
c:40197,closed,2008-01-01,2012-08-24,,,4.64931506849315,Princeton,USA,US-East,,1,1,0,,0,,roundA,1,,,Top,0,,,,6.0,,
c:51023,closed,2007-01-01,2012-11-01,,,5.838356164383562,Loveland,USA,Other,,1,1,0,,0,,roundA,0,,,Top,1,,,,2.5,,
c:13168,acquired,2002-01-01,,,,23.016438356164382,Mountain View,USA,US-West,,1,1,0,,0,,roundA,2,,,Top,0,,,,2.5,,
c:649,acquired,2004-09-01,,,,20.34794520547945,New York,USA,US-East,,1,1,0,,0,,roundC,1,,,Top,0,,,,4.0,,
c:52694,closed,2000-01-01,2009-05-23,,,9.397260273972602,Kearneysville,USA,Other,,1,1,0,,0,,roundA,1,,,Other,0,,,,3.0,,
c:3080,acquired,2006-04-01,,,,18.767123287671232,Los Angeles,USA,US-West,,1,1,0,,0,,roundA,1,,,Top,0,,,,1.0,,
c:28424,closed,2001-01-01,2013-05-01,,,12.336986301369864,Canton,USA,Other,,1,1,0,,0,,roundB,1,,,Top,1,,,,3.6667,,
c:280611,closed,2013-01-01,2005-01-01,,,-8.005479452054795,Mountain View,USA,US-West,,1,1,0,,0,,roundA,0,,,Top,1,,,,9.0,,
c:30537,acquired,2003-01-01,,,,22.016438356164382,Bellevue,USA,US-West,,1,1,0,,0,,roundB,2,,,Top,0,,,,4.5,,
c:14656,acquired,2002-01-01,,,,23.016438356164382,Santa Clara,USA,US-West,,1,1,0,,0,,roundB,1,,,Top,1,,,,4.0,,
c:1766,closed,2005-05-01,2010-05-04,,,5.010958904109589,Washington,USA,Other,,1,1,0,,0,,roundB,2,,,Top,1,,,,3.5,,
c:16938,acquired,2007-01-01,,,,18.013698630136986,San Francisco,USA,US-West,,1,1,0,,0,,roundA,0,,,Top,0,,,,5.0,,
c:83265,acquired,2010-12-21,,,,14.04109589041096,San Francisco,USA,US-West,,1,1,0,,0,,roundA,1,,,Top,0,,,,7.0,,
c:23136,acquired,2006-01-01,,,,19.013698630136986,New York,USA,US-East,,1,1,0,,0,,roundA,4,,,Top,0,,,,4.0,,
c:54066,closed,2002-01-01,2010-08-31,,,8.668493150684931,Mountain View,USA,US-West,,1,1,0,,0,,roundB,1,,,Top,0,,,,3.0,,
c:17219,acquired,2006-01-01,,,,19.013698630136986,Chicago,USA,Other,,1,1,0,,0,,roundA,1,,,Top,1,,,,2.0,,
c:23234,closed,2007-01-01,2012-02-11,,,5.115068493150685,Somerset,USA,US-East,,1,1,0,,0,,roundA,0,,,Top,1,,,,3.0,,
c:70586,acquired,2008-01-01,,,,17.013698630136986,San Francisco,USA,US-West,,1,1,0,,0,,roundA,0,,,Top,0,,,,3.0,,
c:26612,closed,2007-01-01,2013-04-10,,,6.276712328767124,Berkeley,USA,US-West,,1,1,0,,0,,roundC,1,,,Top,1,,,,2.6667,,
c:57923,closed,1985-01-01,2009-05-03,,,24.350684931506848,Alpharetta,USA,US-South,,1,1,0,,0,,roundB,1,,,Top,0,,,,7.0,,
c:58133,acquired,2000-01-01,,,,25.019178082191782,Seattle,USA,US-West,,1,1,0,,0,,roundD,1,,,Top,0,,,,4.0,,
c:5587,acquired,2005-01-01,,,,20.013698630136986,Bellevue,USA,US-West,,1,1,0,,0,,roundA,2,,,Top,1,,,,2.3333,,
c:38338,acquired,2004-01-01,,,,21.016438356164382,San Jose,USA,US-West,,1,1,0,,0,,roundB,3,,,Top,1,,,,3.0,,
c:4622,acquired,2007-07-01,2011-09-01,,,4.1726027397260275,San Francisco,USA,US-West,,1,1,0,,0,,roundA,1,,,Top,0,,,,4.0,,
c:202,closed,2006-06-01,2012-08-01,,,6.1726027397260275,Charlottesville,USA,Other,,1,1,0,,0,,roundA,2,,,Other,0,,,,1.0,,
c:15652,acquired,2000-01-01,,,,25.019178082191782,Dulles,USA,Other,,1,1,0,,0,,roundC,1,,,Top,1,,,,2.0,,
c:144825,closed,2011-08-01,2013-08-01,,,2.0027397260273974,Chicago,USA,Other,,1,1,0,,0,,roundA,0,,,Other,0,,,,1.0,,
c:9772,acquired,2007-01-01,,,,18.013698630136986,San Francisco,USA,US-West,,1,1,0,,0,,roundA,0,,,Top,0,,,,7.0,,
c:19101,closed,2006-01-01,2012-01-01,,,6.002739726027397,Bloomfield,USA,Other,,1,1,0,,0,,roundA,2,,,Top,0,,,,2.0,,
c:1612,acquired,2007-01-15,,,,17.975342465753425,Santa Monica,USA,US-West,,1,1,0,,0,,roundA,1,,,Top,0,,,,4.0,,
c:17620,acquired,2003-01-01,,,,22.016438356164382,Santa Clara,USA,US-West,,1,1,0,,0,,roundA,2,,,Top,0,,,,2.5,,
c:43873,closed,2003-01-01,2012-07-07,,,9.520547945205479,Milpitas,USA,US-West,,1,1,0,,0,,roundC,1,,,Other,0,,,,1.0,,
c:3986,acquired,2006-01-01,,,,19.013698630136986,Menlo Park,USA,US-West,,1,1,0,,0,,roundB,1,,,Top,0,,,,4.0,,
c:61592,closed,2010-10-01,2013-08-08,,,2.8547945205479452,San Diego,USA,US-West,,1,1,0,,0,,roundA,0,,,Top,1,,,,4.0,,
c:35236,acquired,2009-09-09,,,,15.323287671232876,San Francisco,USA,US-West,,1,1,0,,0,,roundA,1,,,Top,0,,,,3.5,,
c:31968,closed,1997-01-01,2012-08-03,,,15.597260273972603,Burlingame,USA,US-West,,1,1,0,,0,,roundA,0,,,Other,0,,,,1.0,,
c:27620,acquired,2003-01-01,,,,22.016438356164382,Raleigh,USA,Other,,1,1,0,,0,,roundB,2,,,Top,1,,,,3.6667,,
c:9816,acquired,2005-06-01,,,,19.6,New York,USA,US-East,,1,1,0,,0,,roundA,1,,,Other,0,,,,1.0,,
c:52566,acquired,2010-02-01,,,,14.926027397260274,New York,USA,US-East,,1,1,0,,0,,roundA,0,,,Other,0,,,,6.0,,
c:49236,closed,2009-08-01,2012-01-01,,,2.419178082191781,Somerville,USA,US-East,,1,1,0,,0,,roundA,0,,,Top,0,,,,1.0,,
c:2234,acquired,2006-01-01,,,,19.013698630136986,Redwood City,USA,US-West,,1,1,0,,0,,roundA,2,,,Top,0,,,,2.5,,
c:3505,closed,2009-10-01,2013-06-01,,,3.6684931506849314,Austin,USA,US-South,,1,1,0,,0,,roundA,1,,,Top,0,,,,1.0,,
c:56989,acquired,2009-10-01,,,,15.263013698630138,New York,USA,US-East,,1,1,0,,0,,roundA,1,,,Top,1,,,,6.3333,,
c:28482,acquired,2008-01-01,,,,17.013698630136986,Fremont,USA,US-West,,1,1,0,,0,,roundA,3,,,Top,1,,,,2.25,,
c:40324,acquired,2006-01-01,,,,19.013698630136986,Waltham,USA,US-East,,1,1,0,,0,,roundA,3,,,Top,0,,,,4.6667,,
c:1595,acquired,2000-01-01,,,,25.019178082191782,Timonium,USA,Other,,1,1,0,,0,,roundA,1,,,Top,1,,,,2.5,,
c:31294,closed,2009-01-04,2013-06-01,,,4.4082191780821915,Pittsburgh,USA,Other,,1,1,0,,0,,roundA,0,,,Top,1,,,,1.0,,
c:43875,closed,2003-01-01,2008-05-01,,,5.3342465753424655,Reston,USA,Other,,1,1,0,,0,,roundB,1,,,Top,1,,,,3.0,,
c:16562,acquired,2004-01-01,,,,21.016438356164382,Fremont,USA,US-West,,1,1,0,,0,,roundB,1,,,Top,1,,,,3.5,,
c:18075,acquired,2000-01-01,,,,25.019178082191782,New York,USA,US-East,,1,1,0,,0,,roundA,0,,,Top,1,,,,5.0,,
c:86120,closed,2010-09-24,2012-04-03,,,1.526027397260274,Chicago,USA,Other,,1,1,0,,0,,roundA,0,,,Top,0,,,,1.0,,
c:12173,acquired,2006-10-01,,,,18.265753424657536,Santa Clara,USA,US-West,,1,1,0,,0,,roundA,3,,,Top,0,,,,2.0,,
c:44650,acquired,2000-01-01,,,,25.019178082191782,Palo Alto,USA,US-West,,1,1,0,,0,,roundA,0,,,Top,1,,,,7.0,,
c:70021,closed,2010-02-01,2012-01-01,,,1.915068493150685,Cincinnati,USA,Other,,1,1,0,,0,,roundA,0,,,Top,0,,,,3.0,,
c:17660,acquired,2001-01-01,,,,24.016438356164382,Atlanta,USA,US-South,,1,1,0,,0,,roundB,1,,,Top,1,,,,1.0,,
c:51745,closed,2007-01-01,2013-07-01,,,6.501369863013698,San Jose,USA,US-West,,1,1,0,,0,,roundA,0,,,Top,0,,,,1.0,,
c:25324,acquired,2004-01-01,,,,21.016438356164382,Cambridge,USA,US-East,,1,1,0,,0,,roundA,2,,,Top,0,,,,3.5,,
c:77,acquired,2006-11-01,,,,18.18082191780822,San Mateo,USA,US-West,,1,1,0,,0,,roundA,3,,,Top,1,,,,2.5,,
c:1895,closed,2005-01-01,2013-08-20,,,8.638356164383561,San Francisco,USA,US-West,,1,1,0,,0,,roundA,1,,,Other,0,,,,3.0,,
c:16593,acquired,2007-01-01,,,,18.013698630136986,Campbell,USA,US-West,,1,1,0,,0,,roundB,2,,,Top,1,,,,5.3333,,
c:16289,acquired,2005-01-01,,,,20.013698630136986,San Francisco,USA,US-West,,1,1,0,,0,,roundA,2,,,Top,0,,,,3.0,,
c:575,closed,2004-01-01,2009-03-20,,,5.219178082191781,New York,USA,US-East,,1,1,0,,0,,roundA,1,,,Other,0,,,,1.0,,
c:15562,acquired,2006-06-01,,,,18.6,Santa Clara,USA,US-West,,1,1,0,,0,,roundA,1,,,Top,0,,,,1.0,,
c:62432,acquired,2010-01-01,,,,15.01095890410959,Sterling,USA,Other,,1,1,0,,0,,roundA,2,,,Top,0,,,,2.0,,
c:8100,acquired,2007-01-01,,,,18.013698630136986,San Francisco,USA,US-West,,1,1,0,,0,,roundA,3,,,Top,0,,,,2.5,,
c:62262,acquired,2009-01-01,,,,16.01095890410959,San Francisco,USA,US-West,,1,1,0,,0,,roundA,1,,,Top,0,,,,3.0,,
c:3686,acquired,2002-01-01,,,,23.016438356164382,New York,USA,US-East,,1,1,0,,0,,roundB,1,,,Top,1,,,,4.0,,
c:82805,acquired,2010-04-01,,,,14.764383561643836,San Mateo,USA,US-West,,1,1,0,,0,,roundA,0,,,Top,1,,,,2.0,,
c:196,acquired,2002-01-01,,,,23.016438356164382,Foster City,USA,US-West,,1,1,0,,0,,roundA,2,,,Top,0,,,,4.0,,
c:28114,closed,2002-01-01,2010-09-20,,,8.723287671232876,Atlanta,USA,US-South,,1,1,0,,0,,roundA,1,,,Top,1,,,,1.0,,
c:13277,closed,2007-09-01,2010-11-22,,,3.2273972602739724,Los Angeles,USA,US-West,,1,1,0,,0,,roundA,1,,,Other,0,,,,1.0,,
c:63217,closed,2010-06-01,2013-05-01,,,2.9178082191780823,Oakland,USA,US-West,,1,1,0,,0,,roundA,0,,,Other,0,,,,1.0,,
c:2534,acquired,2005-01-01,,,,20.013698630136986,Fremont,USA,US-West,,1,1,0,,0,,roundA,2,,,Top,0,,,,2.5,,
c:5264,closed,2001-01-01,2012-10-01,,,11.756164383561643,Petaluma,USA,US-West,,1,1,0,,0,,roundB,3,,,Top,1,,,,5.2,,
c:58512,acquired,2010-01-01,,,,15.01095890410959,San Francisco,USA,US-West,,1,1,0,,0,,roundA,0,,,Top,0,,,,10.0,,
c:12957,acquired,2005-11-01,,,,19.18082191780822,Chicago,USA,Other,,1,1,0,,0,,roundA,1,,,Top,0,,,,1.0,,
c:34499,acquired,2007-06-04,,,,17.59178082191781,Boston,USA,US-East,,1,1,0,,0,,roundA,1,,,Top,0,,,,3.0,,
c:34028,closed,2008-01-01,2012-12-06,,,4.934246575342466,Sunnyvale,USA,US-West,,1,1,0,,0,,roundA,1,,,Other,0,,,,1.0,,
c:23335,closed,2009-04-17,2012-03-06,,,2.8876712328767122,Arlington,USA,Other,,1,1,0,,0,,roundA,0,,,Other,0,,,,1.0,,
c:30526,acquired,2002-01-01,,,,23.016438356164382,Seattle,USA,US-West,,1,1,0,,0,,roundB,1,,,Top,0,,,,3.0,,
c:42519,closed,2009-01-01,2013-03-01,,,4.164383561643835,Centennial,USA,Other,,1,1,0,,0,,roundA,1,,,Top,1,,,,2.0,,
c:48376,closed,2006-01-01,2013-06-01,,,7.419178082191781,Chicago,USA,Other,,1,1,0,,0,,roundB,1,,,Top,1,,,,4.0,,
c:15693,acquired,2004-01-01,,,,21.016438356164382,San Mateo,USA,US-West,,1,1,0,,0,,roundA,2,,,Top,1,,,,1.0,,
c:47587,closed,2008-01-01,2012-01-01,,,4.002739726027397,San Jose,USA,US-West,,1,1,0,,0,,roundA,2,,,Top,0,,,,2.5,,
c:1669,acquired,2006-01-01,,,,19.013698630136986,Austin,USA,US-South,,1,1,0,,0,,roundA,2,,,Top,0,,,,1.5,,
c:421,acquired,2009-01-01,,,,16.01095890410959,San Francisco,USA,US-West,,1,1,0,,0,,roundA,0,,,Top,1,,,,3.0,,
c:155621,closed,2012-01-29,2013-06-01,,,1.3397260273972602,Memphis,USA,Other,,1,1,0,,0,,roundA,0,,,Other,0,,,,1.0,,
c:40782,acquired,2009-07-01,,,,15.515068493150684,New York,USA,US-East,,1,1,0,,0,,roundA,0,,,Top,1,,,,3.0,,
c:51306,acquired,2008-01-01,,,,17.013698630136986,Burlingame,USA,US-West,,1,1,0,,0,,roundA,0,,,Top,1,,,,1.0,,
c:1088,acquired,2007-02-01,,,,17.92876712328767,New York,USA,US-East,,1,1,0,,0,,roundA,4,,,Top,1,,,,3.5,,
c:34522,closed,2008-01-01,2013-05-01,,,5.3342465753424655,New York,USA,US-East,,1,1,0,,0,,roundA,0,,,Top,1,,,,1.0,,
c:83692,acquired,2011-02-01,,,,13.926027397260274,Cambridge,USA,US-East,,1,1,0,,0,,roundA,1,,,Top,0,,,,6.0,,
c:43831,acquired,2005-01-01,,,,20.013698630136986,Plymouth,USA,Other,,1,1,0,,0,,roundB,2,,,Top,1,,,,3.0,,
c:28428,acquired,2005-08-01,,,,19.432876712328767,San Francisco,USA,US-West,,1,1,0,,0,,roundA,1,,,Top,1,,,,2.0,,
c:17974,closed,2007-07-01,2009-01-01,,,1.5068493150684932,Austin,USA,US-South,,1,1,0,,0,,roundA,1,,,Other,0,,,,1.0,,
c:81475,closed,2010-01-01,2013-07-01,,,3.4986301369863013,Seattle,USA,US-West,,1,1,0,,0,,roundA,0,,,Top,1,,,,1.0,,
c:76543,closed,2010-09-01,2013-06-01,,,2.750684931506849,San Francisco,USA,US-West,,1,1,0,,0,,roundA,1,,,Top,1,,,,1.0,,
c:84161,acquired,2010-01-01,,,,15.01095890410959,Conshohocken,USA,Other,,1,1,0,,0,,roundA,0,,,Other,1,,,,1.0,,
c:810,closed,2006-09-01,2012-02-02,,,5.424657534246576,Needham,USA,US-East,,1,1,0,,0,,roundA,3,,,Top,0,,,,2.5,,
c:16488,closed,2002-01-01,2012-10-01,,,10.756164383561643,Newport Beach,USA,US-West,,1,1,0,,0,,roundA,1,,,Top,1,,,,2.0,,
c:11042,acquired,2007-08-28,,,,17.35890410958904,Austin,USA,US-South,,1,1,0,,0,,roundA,2,,,Top,0,,,,6.0,,
c:17633,acquired,2002-01-01,,,,23.016438356164382,Longmont,USA,Other,,1,1,0,,0,,roundC,2,,,Top,1,,,,6.5,,
c:3187,acquired,2004-01-01,,,,21.016438356164382,Redwood City,USA,US-West,,1,1,0,,0,,roundA,2,,,Top,0,,,,2.0,,
c:164922,closed,2011-01-01,2013-02-01,,,2.0876712328767124,New York,USA,US-East,,1,1,0,,0,,roundA,0,,,Top,0,,,,3.0,,
c:81886,closed,2001-01-01,2012-04-01,,,11.254794520547945,San Francisco,USA,US-West,,1,1,0,,0,,roundA,0,,,Top,1,,,,1.0,,
c:54585,acquired,2009-01-01,,,,16.01095890410959,Naperville,USA,Other,,1,1,0,,0,,roundA,0,,,Top,0,,,,1.0,,
c:11507,acquired,2002-01-01,,,,23.016438356164382,Pasadena,USA,US-West,,1,1,0,,0,,roundA,2,,,Other,0,,,,1.0,,
c:24860,acquired,2004-01-01,,,,21.016438356164382,San Jose,USA,US-West,,1,1,0,,0,,roundA,2,,,Other,1,,,,1.0,,
c:148750,acquired,2011-01-01,,,,14.01095890410959,San Francisco,USA,US-West,,1,1,0,,0,,roundA,1,,,Top,0,,,,3.0,,
c:45611,acquired,2000-01-01,,,,25.019178082191782,Waltham,USA,US-East,,1,1,0,,0,,roundC,1,,,Top,1,,,,2.5,,
c:4106,acquired,2006-08-01,,,,18.432876712328767,San Francisco,USA,US-West,,1,1,0,,0,,roundA,2,,,Top,0,,,,3.0,,
c:17775,closed,2000-01-01,2009-08-01,,,9.58904109589041,Milpitas,USA,US-West,,1,1,0,,0,,roundC,2,,,Top,0,,,,1.0,,
c:144,acquired,2005-01-01,,,,20.013698630136986,San Francisco,USA,US-West,,1,1,0,,0,,roundA,2,,,Top,0,,,,3.5,,
c:13046,acquired,2007-09-01,,,,17.34794520547945,San Francisco,USA,US-West,,1,1,0,,0,,roundA,0,,,Top,0,,,,4.0,,
c:40,acquired,2004-01-01,,,,21.016438356164382,San Diego,USA,US-West,,1,1,0,,0,,roundA,4,,,Top,0,,,,5.0,,
c:26460,acquired,2001-01-01,,,,24.016438356164382,Boston,USA,US-East,,1,1,0,,0,,roundB,1,,,Top,0,,,,2.0,,
c:15887,closed,2002-01-01,2009-03-23,,,7.227397260273973,Mountain View,USA,US-West,,1,1,0,,0,,roundC,2,,,Top,0,,,,6.0,,
c:36742,closed,2006-06-01,2013-03-13,,,6.786301369863014,Pittsburgh,USA,Other,,1,1,0,,0,,roundA,1,,,Top,1,,,,3.0,,
c:3962,acquired,2002-01-01,,,,23.016438356164382,San Mateo,USA,US-West,,1,1,0,,0,,roundA,2,,,Top,0,,,,3.3333,,
c:162116,acquired,2012-01-01,,,,13.01095890410959,Santa Monica,USA,US-West,,1,1,0,,0,,roundA,0,,,Top,0,,,,9.0,,
c:55044,closed,2010-08-01,2011-08-01,,,1.0,Warrenville,USA,Other,,1,1,0,,0,,roundA,0,,,Other,0,,,,2.0,,
c:7207,closed,2005-04-01,2013-05-01,,,8.087671232876712,Raleigh,USA,Other,,1,1,0,,0,,roundA,4,,,Top,0,,,,2.75,,
c:863,acquired,2000-03-01,,,,24.854794520547944,Berwyn,USA,Other,,1,1,0,,0,,roundB,1,,,Top,0,,,,1.5,,
c:16066,closed,2005-01-01,2011-02-03,,,6.093150684931507,Sunnyvale,USA,US-West,,1,1,0,,0,,roundB,2,,,Top,0,,,,2.0,,
c:220,acquired,2006-01-20,,,,18.96164383561644,San Francisco,USA,US-West,,1,1,0,,0,,roundA,2,,,Top,0,,,,2.6667,,
c:54,closed,2005-12-01,2010-06-30,,,4.580821917808219,San Francisco,USA,US-West,,1,1,0,,0,,roundA,1,,,Top,0,,,,1.5,,
c:9730,closed,2008-01-01,2010-05-01,,,2.3315068493150686,Morgan Hill,USA,US-West,,1,1,0,,0,,roundA,0,,,Other,0,,,,2.0,,
c:3122,acquired,2002-05-02,,,,22.684931506849313,Mountain View,USA,US-West,,1,1,0,,0,,roundB,1,,,Other,1,,,,1.6667,,
c:36579,closed,2000-07-01,2013-06-01,,,12.926027397260274,Austin,USA,US-South,,1,1,0,,0,,roundA,1,,,Other,1,,,,3.0,,
c:43327,acquired,2003-01-01,,,,22.016438356164382,Marlborough,USA,US-East,,1,1,0,,0,,roundB,2,,,Top,0,,,,2.5,,
c:1789,acquired,2006-01-01,,,,19.013698630136986,San Francisco,USA,US-West,,1,1,0,,0,,roundA,1,,,Top,0,,,,2.0,,
c:38339,acquired,2009-02-01,,,,15.926027397260274,San Francisco,USA,US-West,,1,1,0,,0,,roundA,0,,,Top,0,,,,9.0,,
c:13410,closed,2006-06-01,2012-07-06,,,6.101369863013699,Atlanta,USA,US-South,,1,1,0,,0,,roundA,0,,,Other,1,,,,2.0,,
c:43915,closed,1996-01-01,2009-08-13,,,13.624657534246575,New York,USA,US-East,,1,1,0,,0,,roundA,0,,,Top,1,,,,3.0,,
c:37712,acquired,2000-01-01,,,,25.019178082191782,San Jose,USA,US-West,,1,1,0,,0,,roundC,1,,,Top,1,,,,5.3333,,
c:3288,closed,2001-01-01,2011-10-01,,,10.753424657534246,Playa Vista,USA,US-West,,1,1,0,,0,,roundA,3,,,Top,0,,,,1.3333,,
c:10179,acquired,2007-12-01,,,,17.0986301369863,San Francisco,USA,US-West,,1,1,0,,0,,roundA,2,,,Top,0,,,,3.0,,
c:33869,acquired,2009-01-01,,,,16.01095890410959,Cupertino,USA,US-West,,1,1,0,,0,,roundA,2,,,Top,0,,,,2.5,,
c:21528,acquired,2005-01-01,,,,20.013698630136986,New York,USA,US-East,,1,1,0,,0,,roundA,1,,,Other,0,,,,1.0,,
c:30820,acquired,2008-11-01,,,,16.17808219178082,Providence,USA,Other,,1,1,0,,0,,roundA,0,,,Top,0,,,,1.5,,
c:25782,acquired,2003-01-01,,,,22.016438356164382,Washington,USA,Other,,1,1,0,,0,,roundB,1,,,Top,1,,,,2.0,,
c:278,closed,2006-09-01,2009-04-01,,,2.5835616438356164,San Francisco,USA,US-West,,1,1,0,,0,,roundA,0,,,Other,0,,,,1.0,,
c:75500,closed,2009-07-01,2011-11-09,,,2.3589041095890413,San Francisco,USA,US-West,,1,1,0,,0,,roundA,0,,,Other,0,,,,4.0,,
c:67806,closed,2010-09-01,2012-10-01,,,2.084931506849315,San Francisco,USA,US-West,,1,1,0,,0,,roundA,1,,,Top,0,,,,5.0,,
c:1212,closed,2004-01-01,2012-08-17,,,8.632876712328768,Seattle,USA,US-West,,1,1,0,,0,,roundA,2,,,Top,0,,,,2.0,,
c:31754,acquired,2003-01-01,,,,22.016438356164382,Mountain View,USA,US-West,,1,1,0,,0,,roundD,1,,,Top,0,,,,6.0,,
c:25307,acquired,2008-01-01,,,,17.013698630136986,New York,USA,US-East,,1,1,0,,0,,roundA,1,,,Top,0,,,,3.0,,
c:1870,acquired,2005-05-01,,,,19.684931506849313,Redwood City,USA,US-West,,1,1,0,,0,,roundA,4,,,Top,1,,,,2.3333,,
c:27285,acquired,2004-01-01,,,,21.016438356164382,Monterey Park,USA,US-West,,1,1,0,,0,,roundB,3,,,Top,0,,,,4.5,,
c:48640,closed,2004-03-01,2011-02-20,,,6.978082191780822,Plano,USA,US-South,,1,1,0,,0,,roundB,1,,,Top,0,,,,4.0,,
c:18470,acquired,2008-06-01,,,,16.5972602739726,Mountain View,USA,US-West,,1,1,0,,0,,roundA,1,,,Top,0,,,,3.5,,
c:21395,acquired,2007-01-01,,,,18.013698630136986,Austin,USA,US-South,,1,1,0,,0,,roundA,1,,,Top,0,,,,2.0,,
c:25132,acquired,2006-01-01,,,,19.013698630136986,Pasadena,USA,US-West,,1,1,0,,0,,roundA,1,,,Other,1,,,,1.0,,
c:72,acquired,2006-04-01,,,,18.767123287671232,Fremont,USA,US-West,,1,1,0,,0,,roundA,1,,,Other,0,,,,1.0,,
c:17429,closed,2003-01-01,2013-08-01,,,10.58904109589041,Bingham Farms,USA,Other,,1,1,0,,0,,roundA,0,,,Other,1,,,,1.0,,
c:487,acquired,2004-01-01,,,,21.016438356164382,San Jose,USA,US-West,,1,1,0,,0,,roundA,1,,,Top,0,,,,2.0,,
c:40665,closed,2009-01-01,2013-06-01,,,4.416438356164384,Chicago,USA,Other,,1,1,0,,0,,roundA,0,,,Other,1,,,,1.0,,
c:2972,acquired,2007-01-01,,,,18.013698630136986,New York,USA,US-East,,1,1,0,,0,,roundA,1,,,Top,0,,,,2.0,,
c:1832,acquired,2007-02-01,,,,17.92876712328767,Philadelphia,USA,Other,,1,1,0,,0,,roundA,1,,,Top,0,,,,1.6667,,
c:30173,closed,2011-01-01,2013-07-01,,,2.4986301369863013,Mountain View,USA,US-West,,1,1,0,,0,,roundA,0,,,Other,1,,,,3.0,,
c:17512,closed,2006-01-01,2011-01-01,,,5.002739726027397,Freedom,USA,US-West,,1,1,0,,0,,roundA,1,,,Other,0,,,,2.0,,
c:833,closed,2005-01-01,2012-05-17,,,7.3780821917808215,Boston,USA,US-East,,1,1,0,,0,,roundA,2,,,Top,0,,,,3.5,,
c:615,acquired,2007-01-01,,,,18.013698630136986,Cambridge,USA,US-East,,1,1,0,,0,,roundA,1,,,Other,0,,,,2.0,,
c:1731,acquired,2006-04-01,,,,18.767123287671232,San Francisco,USA,US-West,,1,1,0,,0,,roundA,4,,,Top,0,,,,2.25,,
c:39755,closed,2005-01-01,2012-06-08,,,7.438356164383562,Austin,USA,US-South,,1,1,0,,0,,roundA,0,,,Top,1,,,,1.0,,
c:134,acquired,2006-01-01,,,,19.013698630136986,Seattle,USA,US-West,,1,1,0,,0,,roundA,1,,,Top,0,,,,1.5,,
c:6313,acquired,2004-12-01,,,,20.0986301369863,Bethesda,USA,Other,,1,1,0,,0,,roundA,4,,,Top,0,,,,2.5,,
c:107746,acquired,2011-03-01,,,,13.849315068493151,Portland,USA,US-West,,1,1,0,,0,,roundA,0,,,Other,1,,,,3.0,,
c:2566,acquired,2008-01-01,,,,17.013698630136986,New York,USA,US-East,,1,1,0,,0,,roundA,0,,,Top,0,,,,1.0,,
c:47440,closed,2008-01-01,2013-03-01,,,5.167123287671233,Allentown,USA,Other,,1,1,0,,0,,roundC,1,,,Other,0,,,,1.0,,
c:44,acquired,2005-09-01,,,,19.34794520547945,New York,USA,US-East,,1,1,0,,0,,roundA,4,,,Top,1,,,,3.1667,,
c:30527,acquired,2000-01-01,,,,25.019178082191782,North Billerica,USA,US-East,,1,1,0,,0,,roundA,0,,,Top,1,,,,2.0,,
c:83176,closed,2010-05-01,2011-11-01,,,1.5041095890410958,Los Angeles,USA,US-West,,1,1,0,,0,,roundA,0,,,Other,0,,,,1.0,,
c:20488,acquired,2005-06-01,,,,19.6,Denver,USA,Other,,1,1,0,,0,,roundA,1,,,Top,0,,,,1.0,,
c:24570,closed,2000-01-01,2012-04-26,,,12.326027397260274,Duluth,USA,US-South,,1,1,0,,0,,roundA,1,,,Top,1,,,,3.0,,
c:20506,acquired,2003-01-01,,,,22.016438356164382,Mountain View,USA,US-West,,1,1,0,,0,,roundA,3,,,Top,0,,,,4.0,,
c:69279,acquired,2010-07-01,,,,14.515068493150684,Providence,USA,Other,,1,1,0,,0,,roundA,1,,,Top,0,,,,4.0,,
c:23192,closed,2004-01-01,2009-08-27,,,5.657534246575342,San Francisco,USA,US-West,,1,1,0,,0,,roundB,2,,,Top,0,,,,1.0,,
c:38,acquired,2006-12-01,,,,18.0986301369863,San Francisco,USA,US-West,,1,1,0,,0,,roundA,2,,,Top,0,,,,3.0,,
c:7376,acquired,2002-10-01,,,,22.268493150684932,Waltham,USA,US-East,,1,1,0,,0,,roundC,1,,,Top,1,,,,2.5,,
c:16070,acquired,2000-01-01,,,,25.019178082191782,Boxborough,USA,US-East,,1,1,0,,0,,roundA,0,,,Top,0,,,,5.5,,
c:53814,closed,2002-01-01,2013-01-04,,,11.016438356164384,Redwood City,USA,US-West,,1,1,0,,0,,roundC,1,,,Top,0,,,,4.0,,
c:53831,closed,2007-01-01,2012-07-19,,,5.550684931506849,Salt Lake City,USA,Other,,1,1,0,,0,,roundA,0,,,Other,1,,,,1.0,,
c:24040,closed,1992-01-01,2011-11-12,,,19.876712328767123,The Woodlands,USA,US-South,,1,1,0,,0,,roundB,1,,,Other,0,,,,3.0,,
c:40762,acquired,2008-07-01,,,,16.515068493150686,Palo Alto,USA,US-West,,1,1,0,,0,,roundA,1,,,Top,0,,,,2.0,,
c:75008,acquired,2010-06-01,,,,14.597260273972603,Austin,USA,US-South,,1,1,0,,0,,roundA,1,,,Top,0,,,,1.5,,
c:197,acquired,2004-08-19,,,,20.383561643835616,Mountain View,USA,US-West,,1,1,0,,0,,roundA,1,,,Top,0,,,,2.0,,
c:3087,acquired,2003-01-01,,,,22.016438356164382,San Francisco,USA,US-West,,1,1,0,,0,,roundB,2,,,Top,0,,,,2.5,,
c:23098,acquired,2003-04-14,,,,21.734246575342464,San Francisco,USA,US-West,,1,1,0,,0,,roundA,2,,,Top,0,,,,2.0,,
c:45792,closed,2001-01-01,2007-02-19,,,6.136986301369863,Burlington,USA,US-East,,1,1,0,,0,,roundA,2,,,Top,0,,,,3.0,,
c:37215,acquired,2006-08-11,,,,18.405479452054795,Seattle,USA,US-West,,1,1,0,,0,,roundA,1,,,Top,1,,,,1.6667,,
c:314,acquired,2005-01-01,,,,20.013698630136986,San Francisco,USA,US-West,,1,1,0,,0,,roundA,0,,,Top,0,,,,1.0,,
c:3991,acquired,2001-09-01,,,,23.350684931506848,San Francisco,USA,US-West,,1,1,0,,0,,roundA,0,,,Top,1,,,,4.0,,
c:16892,acquired,2001-01-01,,,,24.016438356164382,Alameda,USA,US-West,,1,1,0,,0,,roundB,2,,,Top,1,,,,3.6667,,
c:38460,closed,2009-01-01,2013-01-01,,,4.002739726027397,Durham,USA,Other,,1,1,0,,0,,roundA,1,,,Other,0,,,,9.5,,
c:64959,acquired,2010-03-01,,,,14.849315068493151,New York,USA,US-East,,1,1,0,,0,,roundA,1,,,Top,0,,,,3.0,,
c:36484,acquired,2004-01-01,,,,21.016438356164382,Redwood City,USA,US-West,,1,1,0,,0,,roundD,1,,,Top,1,,,,5.0,,
c:47270,closed,2010-02-01,2013-06-01,,,3.3315068493150686,San Mateo,USA,US-West,,1,1,0,,0,,roundA,1,,,Top,0,,,,3.0,,
c:17433,acquired,2004-01-01,,,,21.016438356164382,Needham,USA,US-East,,1,1,0,,0,,roundB,1,,,Top,1,,,,1.5,,
c:144687,closed,2011-11-11,2013-01-01,,,1.1424657534246576,Weston,USA,US-South,,1,1,0,,0,,roundA,0,,,Other,0,,,,1.0,,
c:6592,acquired,2004-01-01,,,,21.016438356164382,Palo Alto,USA,US-West,,1,1,0,,0,,roundA,2,,,Top,0,,,,2.0,,
c:34545,acquired,2008-01-01,,,,17.013698630136986,San Francisco,USA,US-West,,1,1,0,,0,,roundA,2,,,Top,0,,,,5.0,,
c:17030,closed,2008-07-01,2012-06-04,,,3.9287671232876713,Santa Barbara,USA,US-West,,1,1,0,,0,,roundA,0,,,Other,0,,,,2.0,,
c:13358,closed,2007-02-01,2011-11-29,,,4.8273972602739725,Palo Alto,USA,US-West,,1,1,0,,0,,roundA,0,,,Other,0,,,,1.0,,
c:10610,closed,2008-01-01,2011-01-01,,,3.0027397260273974,Los Angeles,USA,US-West,,1,1,0,,0,,roundA,2,,,Top,1,,,,2.0,,
c:68470,acquired,2012-01-01,,,,13.01095890410959,Santa Monica,USA,US-West,,1,1,0,,0,,roundA,0,,,Other,0,,,,1.0,,
c:10197,acquired,2003-01-01,,,,22.016438356164382,Mountain View,USA,US-West,,1,1,0,,0,,roundB,2,,,Top,0,,,,2.5,,
c:33771,closed,1999-01-01,2009-02-12,,,10.123287671232877,Santa Clara,USA,US-West,,1,1,0,,0,,roundB,1,,,Top,1,,,,4.0,,
c:437,acquired,2007-05-01,,,,17.684931506849313,San Francisco,USA,US-West,,1,1,0,,0,,roundA,3,,,Top,0,,,,3.6667,,
c:15870,closed,2005-01-01,2012-01-01,,,7.002739726027397,Mountain View,USA,US-West,,1,1,0,,0,,roundB,1,,,Top,1,,,,3.0,,
c:20062,acquired,2000-01-01,2009-10-15,,,9.794520547945206,Columbia,USA,Other,,1,1,0,,0,,roundB,1,,,Top,0,,,,1.0,,
c:281,closed,2004-01-01,2009-02-03,,,5.095890410958904,Mountain View,USA,US-West,,1,1,0,,0,,roundA,1,,,Other,0,,,,3.0,,
c:19869,closed,2007-04-01,2012-01-01,,,4.756164383561644,SPOKANE,USA,US-West,,1,1,0,,0,,roundA,0,,,Other,1,,,,1.0,,
c:8251,closed,2006-01-01,2013-06-01,,,7.419178082191781,Burlington,USA,US-East,,1,1,0,,0,,roundA,1,,,Top,1,,,,2.0,,
c:60243,closed,2008-01-01,2011-08-01,,,3.5835616438356164,Seattle,USA,US-West,,1,1,0,,0,,roundA,1,,,Other,0,,,,1.0,,
c:513,acquired,2006-06-01,,,,18.6,Cambridge,USA,US-East,,1,1,0,,0,,roundA,2,,,Top,1,,,,2.0,,
c:19483,acquired,2002-01-01,,,,23.016438356164382,Maynard,USA,US-East,,1,1,0,,0,,roundB,1,,,Top,0,,,,5.0,,
c:49341,closed,2002-01-01,2012-01-18,,,10.052054794520547,Frederick,USA,Other,,1,1,0,,0,,roundA,1,,,Other,0,,,,1.0,,
c:31764,closed,2004-01-01,2012-10-16,,,8.797260273972602,Fremont,USA,US-West,,1,1,0,,0,,roundA,2,,,Top,0,,,,3.5,,
c:51969,closed,2010-05-01,2012-07-01,,,2.16986301369863,Austin,USA,US-South,,1,1,0,,0,,roundA,0,,,Other,0,,,,1.0,,
c:1284,closed,2005-01-01,2012-08-18,,,7.632876712328767,Sunnyvale,USA,US-West,,1,1,0,,0,,roundA,1,,,Other,0,,,,1.0,,
c:24029,acquired,2005-05-01,,,,19.684931506849313,New York,USA,US-East,,1,1,0,,0,,roundA,4,,,Top,0,,,,2.0,,
c:166772,acquired,2012-01-01,,,,13.01095890410959,San Francisco,USA,US-West,,1,1,0,,0,,roundA,1,,,Other,0,,,,2.0,,
c:59709,closed,2010-01-01,2010-10-01,,,0.7479452054794521,Palo Alto,USA,US-West,,1,1,0,,0,,roundA,1,,,Top,0,,,,1.0,,
c:11888,acquired,2004-01-01,,,,21.016438356164382,San Diego,USA,US-West,,1,1,0,,0,,roundA,2,,,Top,0,,,,3.5,,
c:158294,closed,2008-01-01,2013-06-01,,,5.419178082191781,West Newfield,USA,Other,,1,1,0,,0,,roundA,1,,,Other,0,,,,3.0,,
c:58550,acquired,2010-01-01,,,,15.01095890410959,New York,USA,US-East,,1,1,0,,0,,roundA,1,,,Top,0,,,,4.0,,
c:4,acquired,2004-10-11,,,,20.23835616438356,San Francisco,USA,US-West,,1,1,0,,0,,roundA,4,,,Top,0,,,,4.6667,,
c:1475,acquired,2007-11-01,,,,17.18082191780822,Long Island City,USA,US-East,,1,1,0,,0,,roundA,0,,,Top,1,,,,8.0,,
c:23134,acquired,2006-01-01,,,,19.013698630136986,Redwood City,USA,US-West,,1,1,0,,0,,roundA,2,,,Top,1,,,,2.3333,,
c:453,acquired,2006-01-01,,,,19.013698630136986,San Francisco,USA,US-West,,1,1,0,,0,,roundA,3,,,Top,0,,,,2.0,,
c:30,acquired,2006-10-01,,,,18.265753424657536,San Francisco,USA,US-West,,1,1,0,,0,,roundA,1,,,Top,1,,,,4.0,,
c:282,acquired,2005-05-01,,,,19.684931506849313,San Francisco,USA,US-West,,1,1,0,,0,,roundA,2,,,Top,0,,,,2.0,,
c:6340,closed,2005-03-03,2013-01-31,,,7.920547945205479,Seattle,USA,US-West,,1,1,0,,0,,roundA,2,,,Top,1,,,,1.3333,,
c:9599,acquired,2004-11-01,,,,20.18082191780822,Bellevue,USA,US-West,,1,1,0,,0,,roundC,1,,,Top,0,,,,3.0,,
c:63621,closed,2010-09-01,2013-06-01,,,2.750684931506849,NY,USA,US-East,,1,1,0,,0,,roundA,0,,,Other,0,,,,2.0,,
c:251,acquired,2005-10-01,,,,19.265753424657536,Menlo Park,USA,US-West,,1,1,0,,0,,roundA,2,,,Top,0,,,,3.3333,,
c:12285,acquired,2002-01-01,,,,23.016438356164382,Englewood,USA,Other,,1,1,0,,0,,roundA,0,,,Top,0,,,,5.0,,
c:885,acquired,2006-07-01,,,,18.517808219178082,Solana Beach,USA,US-West,,1,1,0,,0,,roundA,2,,,Top,1,,,,4.0,,
c:1704,acquired,2007-04-16,,,,17.726027397260275,New York,USA,US-East,,1,1,0,,0,,roundA,2,,,Top,0,,,,2.0,,
c:5986,acquired,2006-08-01,,,,18.432876712328767,San Francisco,USA,US-West,,1,1,0,,0,,roundA,2,,,Top,0,,,,2.5,,
c:23756,acquired,2000-10-31,,,,24.186301369863013,NW Atlanta,USA,US-South,,1,1,0,,0,,roundB,2,,,Top,1,,,,2.0,,
c:43172,acquired,2009-04-01,,,,15.764383561643836,San Francisco,USA,US-West,,1,1,0,,0,,roundA,0,,,Top,0,,,,3.6667,,
c:20637,acquired,2008-11-01,,,,16.17808219178082,San Francisco,USA,US-West,,1,1,0,,0,,roundA,1,,,Top,1,,,,5.5,,
c:20033,closed,2007-10-17,2012-01-27,,,4.282191780821917,Bala Cynwyd,USA,Other,,1,1,0,,0,,roundA,1,,,Top,0,,,,2.0,,
c:13504,closed,2007-01-01,2011-02-07,,,4.104109589041096,San Bruno,USA,US-West,,1,1,0,,0,,roundA,1,,,Top,0,,,,2.0,,
c:3185,closed,2006-01-01,2009-04-23,,,3.3095890410958906,San Francisco,USA,US-West,,1,1,0,,0,,roundA,1,,,Top,0,,,,1.0,,
c:725,acquired,2003-11-01,,,,21.183561643835617,San Francisco,USA,US-West,,1,1,0,,0,,roundA,2,,,Top,1,,,,2.4,,
c:13921,closed,2005-05-15,2013-07-01,,,8.134246575342466,Evanston,USA,Other,,1,1,0,,0,,roundA,2,,,Top,0,,,,2.0,,
c:24549,acquired,2001-01-01,,,,24.016438356164382,Mountain View,USA,US-West,,1,1,0,,0,,roundD,1,,,Top,0,,,,4.5,,
c:5952,closed,2003-01-01,2011-12-01,,,8.92054794520548,Carlsbad,USA,US-West,,1,1,0,,0,,roundC,1,,,Top,1,,,,1.5,,
c:43183,acquired,2008-01-01,,,,17.013698630136986,San Francisco,USA,US-West,,1,1,0,,0,,roundA,0,,,Top,1,,,,1.6667,,
c:41968,closed,1996-01-01,2010-01-01,,,14.01095890410959,San Diego,USA,US-West,,1,1,0,,0,,roundC,1,,,Top,0,,,,5.0,,
c:5485,acquired,2005-01-01,,,,20.013698630136986,Cupertino,USA,US-West,,1,1,0,,0,,roundA,1,,,Top,0,,,,2.0,,
c:9,acquired,2006-06-01,,,,18.6,West Hollywood,USA,US-West,,1,1,0,,0,,roundA,3,,,Top,0,,,,1.3333,,
c:15129,closed,2008-09-01,2012-01-01,,,3.334246575342466,San Franciso,USA,US-West,,1,1,0,,0,,roundA,0,,,Other,0,,,,3.0,,
c:339,acquired,2006-08-01,,,,18.432876712328767,New York,USA,US-East,,1,1,0,,0,,roundA,2,,,Top,0,,,,5.8,,
c:967,acquired,2007-09-01,,,,17.34794520547945,New York,USA,US-East,,1,1,0,,0,,roundA,4,,,Top,1,,,,3.8,,
c:2925,acquired,2005-02-14,,,,19.893150684931506,San Francisco,USA,US-West,,1,1,0,,0,,roundA,2,,,Top,0,,,,4.0,,
c:86,acquired,2007-06-01,,,,17.6,Mountain View,USA,US-West,,1,1,0,,0,,roundA,2,,,Top,0,,,,2.5,,
c:69834,acquired,2008-01-01,,,,17.013698630136986,Burlington,USA,US-East,,1,1,0,,0,,roundB,1,,,Top,0,,,,2.0,,
c:44434,acquired,2003-01-01,2013-06-01,,,10.421917808219177,Austin,USA,US-South,,1,1,0,,0,,roundA,1,,,Other,1,,,,2.0,,
c:40417,acquired,2007-01-01,,,,18.013698630136986,San Diego,USA,US-West,,1,1,0,,0,,roundA,2,,,Top,1,,,,4.3333,,
c:18897,closed,2005-05-10,2012-04-16,,,6.93972602739726,Palo Alto,USA,US-West,,1,1,0,,0,,roundA,1,,,Other,0,,,,1.0,,
c:43416,closed,2009-01-01,2012-08-01,,,3.5835616438356164,New York,USA,US-East,,1,1,0,,0,,roundA,1,,,Top,0,,,,2.5,,
c:23692,closed,1999-01-01,2012-02-12,,,13.123287671232877,San Francisco,USA,US-West,,1,1,0,,0,,roundD,1,,,Top,1,,,,4.5,,
c:28162,closed,2006-08-29,2012-03-03,,,5.515068493150685,New York,USA,US-East,,1,1,0,,0,,roundA,0,,,Other,0,,,,5.0,,
c:1587,acquired,2006-08-01,,,,18.432876712328767,Santa Monica,USA,US-West,,1,1,0,,0,,roundA,4,,,Top,0,,,,1.75,,
c:26988,acquired,2000-01-01,,,,25.019178082191782,Richardson,USA,US-South,,1,1,0,,0,,roundC,1,,,Top,0,,,,7.0,,
c:26390,closed,2009-01-01,2009-05-18,,,0.37534246575342467,Zeeland,USA,Other,,1,1,0,,0,,roundA,0,,,Other,0,,,,1.0,,
c:32094,acquired,2009-01-01,,,,16.01095890410959,Herndon,USA,Other,,1,1,0,,0,,roundA,2,,,Other,0,,,,1.5,,
c:39364,acquired,2005-01-01,,,,20.013698630136986,Paramus,USA,US-East,,1,1,0,,0,,roundA,0,,,Top,1,,,,2.0,,
c:51623,closed,2009-01-01,2013-06-01,,,4.416438356164384,Pittsburgh,USA,Other,,1,1,0,,0,,roundA,0,,,Top,1,,,,1.0,,
c:8676,acquired,2008-01-01,,,,17.013698630136986,Palo Alto,USA,US-West,,1,1,0,,0,,roundA,2,,,Top,0,,,,3.6667,,
c:767,acquired,2006-10-01,,,,18.265753424657536,San Francisco,USA,US-West,,1,1,0,,0,,roundB,2,,,Top,0,,,,1.6667,,
c:6011,acquired,2008-04-01,,,,16.764383561643836,New York,USA,US-East,,1,1,0,,0,,roundA,0,,,Top,1,,,,3.5,,
c:31794,acquired,2009-01-01,,,,16.01095890410959,Minneapolis,USA,Other,,1,1,0,,0,,roundA,1,,,Top,0,,,,2.0,,
c:10054,acquired,2005-01-01,,,,20.013698630136986,Boston,USA,US-East,,1,1,0,,0,,roundA,4,,,Top,1,,,,4.5,,
c:14036,acquired,2005-01-01,,,,20.013698630136986,San Jose,USA,US-West,,1,1,0,,0,,roundA,3,,,Top,1,,,,2.5,,
c:38123,acquired,2000-01-01,,,,25.019178082191782,Durham,USA,Other,,1,1,0,,0,,roundD,1,,,Top,1,,,,3.5,,
c:16709,closed,2005-08-01,2012-09-15,,,7.1287671232876715,San Francisco,USA,US-West,,1,1,0,,0,,roundC,1,,,Top,0,,,,3.0,,
c:46901,acquired,2002-01-01,,,,23.016438356164382,New York,USA,US-East,,1,1,0,,0,,roundA,1,,,Top,0,,,,3.0,,
c:18056,acquired,2008-07-01,,,,16.515068493150686,San Francisco,USA,US-West,,1,1,0,,0,,roundA,0,,,Other,0,,,,1.0,,
c:13219,acquired,2003-10-01,,,,21.268493150684932,Kirkland,USA,US-West,,1,1,0,,0,,roundA,0,,,Top,0,,,,4.25,,
c:44576,acquired,2001-01-01,,,,24.016438356164382,Addison,USA,US-South,,1,1,0,,0,,roundC,1,,,Top,0,,,,5.0,,
c:55043,acquired,2010-01-01,,,,15.01095890410959,New York,USA,US-East,,1,1,0,,0,,roundA,2,,,Top,0,,,,2.5,,
c:31832,acquired,2003-01-01,,,,22.016438356164382,Mountain View,USA,US-West,,1,1,0,,0,,roundB,2,,,Top,0,,,,4.5,,
c:51021,acquired,2009-03-06,,,,15.835616438356164,Irvine,USA,US-West,,1,1,0,,0,,roundA,0,,,Other,0,,,,1.0,,
c:42672,closed,2003-01-01,2011-02-01,,,8.09041095890411,Woburn,USA,US-East,,1,1,0,,0,,roundA,2,,,Top,0,,,,2.5,,
c:130,acquired,2004-03-01,,,,20.852054794520548,New York,USA,US-East,,1,1,0,,0,,roundA,3,,,Top,0,,,,3.0,,
c:47601,acquired,2004-01-01,,,,21.016438356164382,Burlington,USA,US-East,,1,1,0,,0,,roundD,1,,,Top,0,,,,5.0,,
c:60087,acquired,2009-01-01,,,,16.01095890410959,Boston,USA,US-East,,1,1,0,,0,,roundA,0,,,Other,0,,,,1.0,,
c:24853,acquired,2009-03-12,,,,15.819178082191781,New York City,USA,US-East,,1,1,0,,0,,roundA,2,,,Top,0,,,,1.0,,
c:14608,acquired,2004-01-01,,,,21.016438356164382,Larkspur,USA,US-West,,1,1,0,,0,,roundB,2,,,Top,1,,,,4.0,,
c:65389,closed,2011-01-08,2012-01-01,,,0.9808219178082191,Los Angeles,USA,US-West,,1,1,0,,0,,roundA,0,,,Other,0,,,,1.0,,
c:1767,acquired,2007-09-01,,,,17.34794520547945,Seattle,USA,US-West,,1,1,0,,0,,roundA,3,,,Top,1,,,,1.5,,
c:6012,acquired,2000-01-01,,,,25.019178082191782,San Bruno,USA,US-West,,1,1,0,,0,,roundB,2,,,Top,0,,,,4.0,,
c:44976,acquired,2007-01-01,,,,18.013698630136986,San Francisco,USA,US-West,,1,1,0,,0,,roundA,1,,,Top,0,,,,2.0,,
c:2275,acquired,2004-01-01,,,,21.016438356164382,Boston,USA,US-East,,1,1,0,,0,,roundA,3,,,Top,0,,,,2.5,,
c:16611,acquired,2008-10-17,,,,16.21917808219178,New York,USA,US-East,,1,1,0,,0,,roundA,1,,,Top,1,,,,1.5,,
c:975,acquired,2006-03-01,2012-01-01,,,5.841095890410959,Redwood City,USA,US-West,,1,1,0,,0,,roundA,1,,,Top,0,,,,3.6667,,
c:51332,acquired,2009-12-11,,,,15.068493150684931,San Francisco,USA,US-West,,1,1,0,,0,,roundA,1,,,Top,0,,,,1.3333,,
c:25713,acquired,2002-01-01,,,,23.016438356164382,Irvine,USA,US-West,,1,1,0,,0,,roundA,0,,,Top,1,,,,4.0,,
c:36151,acquired,2009-03-01,,,,15.849315068493151,Santa Monica,USA,US-West,,1,1,0,,0,,roundA,3,,,Top,1,,,,2.3333,,
c:148576,acquired,2009-09-01,,,,15.345205479452055,New York,USA,US-East,,1,1,0,,0,,roundA,0,,,Other,0,,,,3.5,,
c:73586,acquired,2010-01-01,,,,15.01095890410959,Palo Alto,USA,US-West,,1,1,0,,0,,roundA,2,,,Top,0,,,,3.0,,
c:46070,closed,1998-01-01,2012-08-01,,,14.591780821917808,Waltham,USA,US-East,,1,1,0,,0,,roundA,2,,,Top,1,,,,2.3333,,
c:84867,closed,2004-01-01,2013-01-01,,,9.008219178082191,Santa Clara,USA,US-West,,1,1,0,,0,,roundC,2,,,Top,1,,,,3.3333,,
c:12171,acquired,2002-01-01,,,,23.016438356164382,Waltham,USA,US-East,,1,1,0,,0,,roundC,2,,,Top,0,,,,4.5,,
c:45413,closed,2008-09-01,2011-02-01,,,2.419178082191781,Henderson,USA,Other,,1,1,0,,0,,roundA,0,,,Top,1,,,,1.0,,
c:1285,acquired,2000-01-01,,,,25.019178082191782,Boston,USA,US-East,,1,1,0,,0,,roundA,3,,,Top,1,,,,2.5,,
c:13730,acquired,2005-01-01,,,,20.013698630136986,McLean,USA,Other,,1,1,0,,0,,roundA,2,,,Top,0,,,,1.5,,
c:31936,acquired,2000-01-01,,,,25.019178082191782,San Jose,USA,US-West,,1,1,0,,0,,roundC,1,,,Top,0,,,,1.0,,
c:32011,acquired,2002-01-01,,,,23.016438356164382,Santa Clara,USA,US-West,,1,1,0,,0,,roundA,3,,,Top,1,,,,2.0,,
c:22203,acquired,2008-01-01,,,,17.013698630136986,Palo Alto,USA,US-West,,1,1,0,,0,,roundA,1,,,Top,0,,,,12.5,,
c:10512,acquired,2003-08-29,,,,21.35890410958904,Santa Clara,USA,US-West,,1,1,0,,0,,roundB,3,,,Top,1,,,,5.0,,
c:105,acquired,2005-06-01,,,,19.6,New York,USA,US-East,,1,1,0,,0,,roundA,2,,,Top,0,,,,5.5,,
c:60436,acquired,2007-04-01,,,,17.767123287671232,Mountain View,USA,US-West,,1,1,0,,0,,roundA,1,,,Other,0,,,,1.0,,
c:5779,acquired,2007-06-01,,,,17.6,Burlingame,USA,US-West,,1,1,0,,0,,roundA,1,,,Top,1,,,,1.6667,,
c:3413,acquired,2006-01-01,,,,19.013698630136986,Lowell,USA,US-East,,1,1,0,,0,,roundA,2,,,Top,0,,,,2.0,,
c:6049,closed,2004-01-01,2008-01-01,,,4.002739726027397,Santa Monica,USA,US-West,,1,1,0,,0,,roundA,2,,,Top,0,,,,1.0,,
c:58998,closed,2001-01-01,2012-07-16,,,11.545205479452054,Bellevue,USA,US-West,,1,1,0,,0,,roundA,0,,,Top,1,,,,5.0,,
c:39283,acquired,2001-01-01,,,,24.016438356164382,Woodbury,USA,US-East,,1,1,0,,0,,roundC,1,,,Top,0,,,,3.0,,
c:13681,acquired,2000-01-01,,,,25.019178082191782,Santa Clara,USA,US-West,,1,1,0,,0,,roundA,3,,,Top,1,,,,4.0,,
c:21762,acquired,2007-01-01,,,,18.013698630136986,San Francisco,USA,US-West,,1,1,0,,0,,roundA,1,,,Top,0,,,,8.5,,
c:39801,closed,2006-04-01,2009-03-12,,,2.947945205479452,New York,USA,US-East,,1,1,0,,0,,roundA,1,,,Top,1,,,,2.0,,
c:1388,acquired,2005-05-09,,,,19.663013698630138,New York,USA,US-East,,1,1,0,,0,,roundA,3,,,Top,1,,,,2.5,,
c:11307,acquired,2004-01-01,,,,21.016438356164382,Mountain View,USA,US-West,,1,1,0,,0,,roundA,1,,,Top,0,,,,6.0,,
c:37929,acquired,2005-01-01,,,,20.013698630136986,Littleton,USA,US-East,,1,1,0,,0,,roundA,3,,,Top,1,,,,3.0,,
c:47115,closed,2009-01-01,2012-08-01,,,3.5835616438356164,Los Angeles,USA,US-West,,1,1,0,,0,,roundA,1,,,Top,0,,,,2.5,,
c:11817,closed,2003-09-01,2013-04-01,,,9.58904109589041,Glendale,USA,US-West,,1,1,0,,0,,roundB,2,,,Top,1,,,,3.0,,
c:81476,acquired,2010-01-01,,,,15.01095890410959,Austin,USA,US-South,,1,1,0,,0,,roundA,1,,,Top,0,,,,2.0,,
c:155,acquired,2004-02-01,,,,20.931506849315067,Chicago,USA,Other,,1,1,0,,0,,roundA,2,,,Top,0,,,,4.0,,
c:9822,acquired,2007-10-01,,,,17.265753424657536,New York,USA,US-East,,1,1,0,,0,,roundA,0,,,Top,0,,,,2.5,,
c:93,acquired,2006-01-01,,,,19.013698630136986,San Francisco,USA,US-West,,1,1,0,,0,,roundA,1,,,Top,0,,,,2.0,,
c:37635,acquired,2009-04-04,,,,15.756164383561643,New York,USA,US-East,,1,1,0,,0,,roundA,1,,,Top,0,,,,6.0,,
c:1627,closed,2007-06-01,2008-12-02,,,1.5068493150684932,New York,USA,US-East,,1,1,0,,0,,roundA,1,,,Other,0,,,,2.0,,
c:15294,acquired,2004-08-18,,,,20.386301369863013,San Francisco,USA,US-West,,1,1,0,,0,,roundC,2,,,Top,1,,,,3.8,,
c:27163,acquired,2002-01-01,,,,23.016438356164382,Billerica,USA,US-East,,1,1,0,,0,,roundB,2,,,Top,0,,,,4.3333,,
c:3267,closed,2008-01-01,2012-07-09,,,4.523287671232877,San Diego,USA,US-West,,1,1,0,,0,,roundA,0,,,Top,1,,,,1.0,,
c:77139,acquired,2011-01-01,,,,14.01095890410959,New York,USA,US-East,,1,1,0,,0,,roundA,1,,,Top,0,,,,3.0,,
c:9085,closed,2005-01-01,2011-02-03,,,6.093150684931507,Seattle,USA,US-West,,1,1,0,,0,,roundA,0,,,Top,1,,,,1.0,,
c:80259,closed,2011-01-01,2012-11-01,,,1.8356164383561644,Los Gatos,USA,US-West,,1,1,0,,0,,roundA,0,,,Other,0,,,,1.0,,
c:26806,acquired,2001-01-01,,,,24.016438356164382,Broomfield,USA,Other,,1,1,0,,0,,roundA,0,,,Top,1,,,,1.0,,
c:18080,closed,2005-06-01,2011-12-25,,,6.5698630136986305,Foster City,USA,US-West,,1,1,0,,0,,roundA,1,,,Other,0,,,,3.0,,
c:55592,closed,2010-01-01,2013-07-01,,,3.4986301369863013,Mountain View,USA,US-West,,1,1,0,,0,,roundA,0,,,Top,1,,,,2.0,,
c:74928,acquired,2009-04-01,,,,15.764383561643836,Portland,USA,US-West,,1,1,0,,0,,roundA,1,,,Other,0,,,,1.0,,
c:2731,acquired,2003-01-01,,,,22.016438356164382,New York,USA,US-East,,1,1,0,,0,,roundB,1,,,Other,0,,,,1.0,,
c:32383,acquired,2008-07-01,,,,16.515068493150686,Boston,USA,US-East,,1,1,0,,0,,roundA,1,,,Top,0,,,,2.0,,
c:1419,acquired,2005-02-01,,,,19.92876712328767,Austin,USA,US-South,,1,1,0,,0,,roundA,2,,,Top,0,,,,1.0,,
c:53304,closed,2010-08-01,2013-06-01,,,2.835616438356164,Beverly Hills,USA,US-West,,1,1,0,,0,,roundA,0,,,Other,0,,,,1.0,,
c:1899,closed,2008-01-01,2010-05-24,,,2.3945205479452056,Hartford,USA,Other,,1,1,0,,0,,roundA,2,,,Other,0,,,,2.0,,
c:29168,acquired,2001-01-01,,,,24.016438356164382,Greenwood Village,USA,Other,,1,1,0,,0,,roundA,0,,,Other,1,,,,1.0,,
c:60352,closed,2010-01-01,2011-02-01,,,1.084931506849315,Seattle,USA,US-West,,1,1,0,,0,,roundA,0,,,Top,0,,,,1.0,,
c:39507,closed,2006-01-01,2012-12-07,,,6.936986301369863,College Park,USA,Other,,1,1,0,,0,,roundA,0,,,Other,1,,,,1.0,,
c:82843,acquired,2011-05-01,,,,13.682191780821919,New York,USA,US-East,,1,1,0,,0,,roundA,0,,,Top,0,,,,6.0,,
c:23052,acquired,2007-12-01,,,,17.0986301369863,Los Angeles,USA,US-West,,1,1,0,,0,,roundB,2,,,Top,0,,,,1.5,,
c:10969,closed,2003-01-01,2010-04-25,,,7.317808219178082,Addison,USA,US-South,,1,1,0,,0,,roundB,2,,,Other,1,,,,1.0,,
c:6150,closed,2004-10-22,2013-01-16,,,8.241095890410959,Napa,USA,US-West,,1,1,0,,0,,roundB,1,,,Top,1,,,,2.5,,
c:46129,acquired,2010-01-01,,,,15.01095890410959,San Francisco,USA,US-West,,1,1,0,,0,,roundA,0,,,Top,0,,,,1.0,,
c:36936,acquired,2002-01-01,,,,23.016438356164382,New York,USA,US-East,,1,1,0,,0,,roundB,1,,,Top,1,,,,2.0,,
c:1760,acquired,2007-06-01,,,,17.6,San Francisco,USA,US-West,,1,1,0,,0,,roundA,1,,,Top,0,,,,4.0,,
c:173,acquired,2005-02-01,,,,19.92876712328767,Mountain View,USA,US-West,,1,1,0,,0,,roundA,4,,,Top,0,,,,2.8,,
c:6520,acquired,2007-03-01,,,,17.852054794520548,Itasca,USA,Other,,1,1,0,,0,,roundA,1,,,Top,1,,,,1.0,,
c:1725,acquired,2006-01-01,2008-01-01,,,2.0,Cambridge,USA,US-East,,1,1,0,,0,,roundA,0,,,Top,1,,,,2.0,,
c:26007,acquired,2003-01-01,,,,22.016438356164382,Lexington,USA,US-East,,1,1,0,,0,,roundB,3,,,Top,0,,,,3.25,,
c:16189,acquired,2000-01-01,,,,25.019178082191782,Santa Clara,USA,US-West,,1,1,0,,0,,roundD,1,,,Top,0,,,,3.0,,
c:6117,acquired,2000-01-03,,,,25.013698630136986,Waltham,USA,US-East,,1,1,0,,0,,roundA,3,,,Top,0,,,,2.6667,,
c:45696,acquired,2001-01-01,,,,24.016438356164382,Irvine,USA,US-West,,1,1,0,,0,,roundA,2,,,Top,1,,,,2.6667,,
c:56580,closed,2000-01-01,2011-01-28,,,11.082191780821917,Palo Alto,USA,US-West,,1,1,0,,0,,roundA,0,,,Top,1,,,,2.0,,
c:23072,acquired,2002-01-01,,,,23.016438356164382,Tampa,USA,US-South,,1,1,0,,0,,roundB,3,,,Top,0,,,,4.5,,
c:49442,acquired,2001-01-01,,,,24.016438356164382,New York,USA,US-East,,1,1,0,,0,,roundC,1,,,Top,0,,,,4.0,,
c:38794,closed,2006-01-01,2013-07-01,,,7.501369863013698,San Francisco,USA,US-West,,1,1,0,,0,,roundA,0,,,Top,1,,,,3.5,,
c:58018,acquired,2001-01-01,,,,24.016438356164382,Foster City,USA,US-West,,1,1,0,,0,,roundB,1,,,Top,0,,,,3.0,,
c:921,acquired,2005-07-01,,,,19.517808219178082,San Francisco,USA,US-West,,1,1,0,,0,,roundB,1,,,Top,0,,,,2.0,,
c:71120,closed,2010-06-01,2013-07-01,,,3.084931506849315,New York,USA,US-East,,1,1,0,,0,,roundA,0,,,Other,0,,,,1.0,,
c:20146,acquired,2007-10-01,,,,17.265753424657536,New York,USA,US-East,,1,1,0,,0,,roundA,1,,,Other,0,,,,1.0,,
c:7440,acquired,2000-01-01,,,,25.019178082191782,Seattle,USA,US-West,,1,1,0,,0,,roundA,0,,,Top,1,,,,1.0,,
c:512,acquired,2007-08-01,,,,17.432876712328767,Santa Monica,USA,US-West,,1,1,0,,0,,roundA,2,,,Top,0,,,,3.0,,
c:25808,closed,2009-06-20,2012-03-03,,,2.7041095890410958,San Francisco,USA,US-West,,1,1,0,,0,,roundA,0,,,Other,0,,,,1.0,,
c:20117,acquired,2003-01-01,,,,22.016438356164382,Redwood City,USA,US-West,,1,1,0,,0,,roundB,2,,,Top,1,,,,3.6667,,
c:10398,closed,2005-01-01,2011-11-01,,,6.835616438356165,San Mateo,USA,US-West,,1,1,0,,0,,roundA,2,,,Top,0,,,,1.0,,
c:14854,acquired,2001-01-01,,,,24.016438356164382,San Francisco,USA,US-West,,1,1,0,,0,,roundC,2,,,Top,0,,,,4.5,,
c:37647,closed,2003-01-01,2013-07-01,,,10.504109589041096,Austin,USA,US-South,,1,1,0,,0,,roundB,2,,,Top,0,,,,2.6667,,
c:18875,acquired,2000-01-01,,,,25.019178082191782,Calabasas,USA,US-West,,1,1,0,,0,,roundD,1,,,Top,1,,,,5.6667,,
c:27591,acquired,2008-06-01,,,,16.5972602739726,San Francisco,USA,US-West,,1,1,0,,0,,roundA,2,,,Top,0,,,,2.0,,
c:76274,closed,2010-01-01,2013-07-17,,,3.5424657534246577,New York,USA,US-East,,1,1,0,,0,,roundA,0,,,Top,0,,,,2.0,,
c:150577,closed,2011-09-01,2013-04-01,,,1.5835616438356164,Cincinnati,USA,Other,,1,1,0,,0,,roundA,0,,,Other,0,,,,1.0,,
c:12052,acquired,2003-01-01,,,,22.016438356164382,North Reading,USA,US-East,,1,1,0,,0,,roundA,2,,,Top,0,,,,2.0,,
c:3180,acquired,2006-05-01,,,,18.684931506849313,Mountain View,USA,US-West,,1,1,0,,0,,roundA,1,,,Top,0,,,,2.0,,
c:33912,closed,2009-07-01,2013-07-19,,,4.052054794520548,Cincinnati,USA,Other,,1,1,0,,0,,roundA,1,,,Top,0,,,,4.0,,
c:71372,closed,2010-02-01,2012-01-01,,,1.915068493150685,Los Angeles,USA,US-West,,1,1,0,,0,,roundA,0,,,Top,0,,,,7.0,,
c:465,acquired,2007-01-01,2011-12-01,,,4.917808219178082,Burlingame,USA,US-West,,1,1,0,,0,,roundA,0,,,Top,1,,,,1.0,,
c:17430,acquired,2005-01-01,,,,20.013698630136986,San Francisco,USA,US-West,,1,1,0,,0,,roundA,2,,,Top,0,,,,1.5,,
c:4529,acquired,2007-01-01,,,,18.013698630136986,Boston,USA,US-East,,1,1,0,,0,,roundA,1,,,Other,0,,,,2.0,,
c:41957,acquired,2002-01-01,,,,23.016438356164382,Richardson,USA,US-South,,1,1,0,,0,,roundC,1,,,Top,0,,,,4.0,,
c:2889,acquired,2006-06-01,,,,18.6,Lindon,USA,Other,,1,1,0,,0,,roundA,1,,,Other,0,,,,2.0,,
c:46042,closed,2004-01-01,2011-12-24,,,7.983561643835617,Los Angeles,USA,US-West,,1,1,0,,0,,roundA,2,,,Top,0,,,,2.5,,
c:38504,closed,2007-01-01,2012-03-04,,,5.175342465753425,Albuquerque,USA,Other,,1,1,0,,0,,roundA,0,,,Top,0,,,,10.0,,
c:25997,closed,2000-01-01,2013-06-01,,,13.424657534246576,Red Bank,USA,US-East,,1,1,0,,0,,roundA,0,,,Other,0,,,,2.0,,
c:2953,acquired,2005-01-01,,,,20.013698630136986,Palo Alto,USA,US-West,,1,1,0,,0,,roundB,2,,,Top,0,,,,2.5,,
c:49876,acquired,2008-07-01,,,,16.515068493150686,Boston,USA,US-East,,1,1,0,,0,,roundA,0,,,Top,0,,,,5.0,,
c:1447,acquired,2005-01-01,,,,20.013698630136986,Palo Alto,USA,US-West,,1,1,0,,0,,roundA,2,,,Top,0,,,,2.0,,
c:26114,acquired,2004-01-01,,,,21.016438356164382,Bethlehem,USA,Other,,1,1,0,,0,,roundA,2,,,Top,1,,,,2.0,,
c:25688,closed,2005-01-01,2009-08-11,,,4.610958904109589,Sunnyvale,USA,US-West,,1,1,0,,0,,roundA,2,,,Other,0,,,,1.0,,
c:335,acquired,2004-01-01,,,,21.016438356164382,Santa Clara,USA,US-West,,1,1,0,,0,,roundA,2,,,Top,0,,,,3.5,,
c:10153,closed,2006-09-19,2010-04-16,,,3.5753424657534247,Saint Louis,USA,Other,,1,1,0,,0,,roundA,0,,,Other,0,,,,1.0,,
c:27,acquired,2002-11-17,,,,22.13972602739726,Sunnyvale,USA,US-West,,1,1,0,,0,,roundA,4,,,Top,0,,,,2.5,,
c:1957,closed,2007-07-07,2012-11-11,,,5.353424657534247,Palo Alto,USA,US-West,,1,1,0,,0,,roundA,0,,,Other,0,,,,1.0,,
c:63,acquired,2005-02-01,,,,19.92876712328767,San Bruno,USA,US-West,,1,1,0,,0,,roundA,2,,,Top,0,,,,1.0,,
c:58699,closed,2010-01-01,2012-07-25,,,2.5643835616438357,New York City,USA,US-East,,1,1,0,,0,,roundA,1,,,Top,0,,,,3.0,,
c:43386,closed,2009-08-01,2011-08-05,,,2.010958904109589,New York,USA,US-East,,1,1,0,,0,,roundA,0,,,Top,0,,,,1.0,,
c:3717,closed,2006-06-01,2010-03-24,,,3.813698630136986,Austin,USA,US-South,,1,1,0,,0,,roundA,1,,,Top,0,,,,2.0,,
c:70893,closed,2010-01-01,2012-01-01,,,2.0,Brooklyn,USA,US-East,,1,1,0,,0,,roundA,1,,,Top,0,,,,4.0,,
c:24727,acquired,2005-01-01,,,,20.013698630136986,Philadelphia,USA,Other,,1,1,0,,0,,roundA,3,,,Top,0,,,,4.75,,
c:162219,closed,2011-09-01,2012-11-01,,,1.16986301369863,Los Angeles,USA,US-West,,1,1,0,,0,,roundA,0,,,Other,0,,,,1.0,,
c:12178,acquired,2000-12-01,,,,24.101369863013698,Indianapolis,USA,Other,,1,1,0,,0,,roundA,0,,,Top,1,,,,2.0,,
c:23487,acquired,2004-01-01,,,,21.016438356164382,Burlington,USA,US-East,,1,1,0,,0,,roundB,1,,,Other,1,,,,1.0,,
c:3400,acquired,2007-01-01,,,,18.013698630136986,Palo Alto,USA,US-West,,1,1,0,,0,,roundA,0,,,Other,0,,,,1.6667,,
c:176278,acquired,2011-06-01,,,,13.597260273972603,San Mateo,USA,US-West,,1,1,0,,0,,roundA,1,,,Other,1,,,,1.0,,
c:22113,closed,2009-04-01,2013-01-17,,,3.8,Menlo Park,USA,US-West,,1,1,0,,0,,roundA,0,,,Top,1,,,,2.0,,
c:5617,acquired,2005-04-01,,,,19.767123287671232,New Hope,USA,Other,,1,1,0,,0,,roundA,2,,,Top,0,,,,2.5,,
c:15996,acquired,2004-01-01,,,,21.016438356164382,Englewood,USA,Other,,1,1,0,,0,,roundA,0,,,Top,1,,,,4.0,,
c:46893,closed,2006-01-01,2012-01-01,,,6.002739726027397,Los Angeles,USA,US-West,,1,1,0,,0,,roundA,1,,,Top,0,,,,1.0,,
c:1753,closed,1990-04-10,2010-01-01,,,19.742465753424657,San Mateo,USA,US-West,,1,1,0,,0,,roundA,1,,,Top,0,,,,1.0,,
c:22057,acquired,2002-01-01,,,,23.016438356164382,New York,USA,US-East,,1,1,0,,0,,roundA,1,,,Other,0,,,,1.0,,
c:35887,acquired,2001-01-01,,,,24.016438356164382,Petaluma,USA,US-West,,1,1,0,,0,,roundA,4,,,Top,1,,,,9.3333,,
c:1628,acquired,2006-06-01,,,,18.6,Redwood City,USA,US-West,,1,1,0,,0,,roundB,2,,,Top,1,,,,2.25,,
c:4453,acquired,2008-04-01,,,,16.764383561643836,North Hollywood,USA,US-West,,1,1,0,,0,,roundA,1,,,Top,1,,,,7.0,,
c:16973,closed,2007-12-11,2011-02-02,,,3.147945205479452,Waco,USA,US-South,,1,1,0,,0,,roundA,0,,,Other,0,,,,1.0,,
c:47689,closed,2000-01-01,2007-12-13,,,7.953424657534247,Santa Clara,USA,US-West,,1,1,0,,0,,roundA,0,,,Top,0,,,,9.0,,
c:459,acquired,2007-05-18,,,,17.638356164383563,Boulder,USA,Other,,1,1,0,,0,,roundA,0,,,Top,0,,,,1.0,,
c:3094,acquired,2007-03-01,,,,17.852054794520548,New York,USA,US-East,,1,1,0,,0,,roundA,3,,,Top,0,,,,3.5,,
c:12468,acquired,2003-01-01,,,,22.016438356164382,Carpinteria,USA,US-West,,1,1,0,,0,,roundA,1,,,Top,0,,,,5.0,,
c:856,closed,2005-01-01,2010-09-01,,,5.668493150684932,Menlo Park,USA,US-West,,1,1,0,,0,,roundA,2,,,Top,0,,,,2.5,,
c:16276,acquired,2003-01-01,,,,22.016438356164382,Mountain View,USA,US-West,,1,1,0,,0,,roundC,1,,,Top,1,,,,5.0,,
c:410,acquired,2005-01-01,,,,20.013698630136986,Menlo Park,USA,US-West,,1,1,0,,0,,roundA,4,,,Top,0,,,,2.0,,
c:726,acquired,2006-12-01,,,,18.0986301369863,Mountain View,USA,US-West,,1,1,0,,0,,roundA,3,,,Top,0,,,,2.5,,
c:8573,acquired,2009-01-01,,,,16.01095890410959,Chicago,USA,Other,,1,1,0,,0,,roundA,0,,,Top,0,,,,2.6667,,
c:102867,acquired,2011-11-15,,,,13.139726027397261,New York City,USA,US-East,,1,1,0,,0,,roundA,0,,,Top,0,,,,5.0,,
c:431,acquired,2005-05-01,,,,19.684931506849313,Mountain View,USA,US-West,,1,1,0,,0,,roundA,2,,,Top,1,,,,1.6667,,
c:60516,closed,2006-01-01,2012-02-01,,,6.087671232876712,West Chester,USA,Other,,1,1,0,,0,,roundA,0,,,Top,1,,,,1.0,,
c:43832,acquired,2003-01-01,,,,22.016438356164382,San Francisco,USA,US-West,,1,1,0,,0,,roundB,1,,,Top,1,,,,1.6667,,
c:83142,acquired,2010-01-01,,,,15.01095890410959,Nashville,USA,Other,,1,1,0,,0,,roundA,0,,,Other,0,,,,1.5,,
c:9669,acquired,2005-01-01,,,,20.013698630136986,Sunnyvale,USA,US-West,,1,1,0,,0,,roundA,2,,,Top,0,,,,2.5,,
c:62802,acquired,2010-02-01,,,,14.926027397260274,New York,USA,US-East,,1,1,0,,0,,roundA,0,,,Top,0,,,,2.0,,
c:56568,closed,2001-01-01,2010-08-06,,,9.6,Bedford,USA,US-East,,1,1,0,,0,,roundC,1,,,Top,0,,,,4.0,,
c:531,acquired,2007-01-01,,,,18.013698630136986,Belmont,USA,US-West,,1,1,0,,0,,roundA,3,,,Top,0,,,,4.3333,,
c:10158,acquired,2007-01-01,,,,18.013698630136986,Nashville,USA,Other,,1,1,0,,0,,roundA,1,,,Other,0,,,,1.0,,
c:11438,acquired,2008-01-01,,,,17.013698630136986,San Francisco,USA,US-West,,1,1,0,,0,,roundA,1,,,Top,0,,,,1.0,,
c:75796,closed,2011-03-01,2012-10-01,,,1.5890410958904109,Puyallup,USA,US-West,,1,1,0,,0,,roundA,0,,,Other,0,,,,2.0,,
c:45428,acquired,2002-01-01,,,,23.016438356164382,San Mateo,USA,US-West,,1,1,0,,0,,roundD,1,,,Other,0,,,,1.0,,
c:16365,acquired,2003-01-01,,,,22.016438356164382,San Francisco,USA,US-West,,1,1,0,,0,,roundB,1,,,Top,1,,,,5.0,,
c:46889,closed,2001-01-01,2010-04-29,,,9.32876712328767,Boxborough,USA,US-East,,1,1,0,,0,,roundA,0,,,Other,0,,,,1.0,,
c:16264,closed,2004-01-01,2010-11-10,,,6.863013698630137,Sunnyvale,USA,US-West,,1,1,0,,0,,roundB,1,,,Top,0,,,,3.0,,
c:1253,closed,2004-12-01,2011-12-31,,,7.0849315068493155,Seattle,USA,US-West,,1,1,0,,0,,roundA,0,,,Other,0,,,,3.0,,
c:2838,acquired,2004-01-01,,,,21.016438356164382,Santa Monica,USA,US-West,,1,1,0,,0,,roundA,1,,,Top,0,,,,1.5,,
c:732,acquired,2005-10-01,,,,19.265753424657536,San Mateo,USA,US-West,,1,1,0,,0,,roundA,4,,,Top,0,,,,4.0,,
c:1853,acquired,2003-06-01,,,,21.602739726027398,San Mateo,USA,US-West,,1,1,0,,0,,roundA,3,,,Top,0,,,,3.0,,
c:971,acquired,2006-05-01,,,,18.684931506849313,Santa Clara,USA,US-West,,1,1,0,,0,,roundA,3,,,Top,1,,,,4.25,,
c:1107,acquired,2002-01-01,,,,23.016438356164382,Chevy Chase,USA,Other,,1,1,0,,0,,roundB,3,,,Top,0,,,,4.3333,,
c:17252,closed,2006-01-01,2008-02-26,,,2.1534246575342464,San Mateo,USA,US-West,,1,1,0,,0,,roundA,1,,,Other,0,,,,1.0,,
c:997,acquired,2003-01-01,,,,22.016438356164382,Palo Alto,USA,US-West,,1,1,0,,0,,roundC,1,,,Top,0,,,,9.0,,
c:30307,closed,2007-01-01,2012-11-08,,,5.857534246575343,Bellevue,USA,US-West,,1,1,0,,0,,roundA,0,,,Top,1,,,,5.0,,
c:16271,acquired,2005-01-01,,,,20.013698630136986,Sunnyvale,USA,US-West,,1,1,0,,0,,roundA,3,,,Top,0,,,,2.6667,,
c:22712,acquired,2000-01-01,,,,25.019178082191782,Calabasas,USA,US-West,,1,1,0,,0,,roundC,2,,,Top,1,,,,5.6667,,
c:9782,acquired,2007-10-01,,,,17.265753424657536,San Francisco,USA,US-West,,1,1,0,,0,,roundA,0,,,Top,0,,,,4.5,,
c:68169,acquired,2010-01-01,,,,15.01095890410959,Louisville,USA,Other,,1,1,0,,0,,roundA,1,,,Top,1,,,,2.5,,
c:55354,acquired,2002-01-01,,,,23.016438356164382,Woburn,USA,US-East,,1,1,0,,0,,roundC,1,,,Top,0,,,,4.0,,
c:31488,closed,1999-01-01,2001-01-01,,,2.0027397260273974,Menlo Park,USA,US-West,,1,1,0,,0,,roundB,1,,,Top,0,,,,3.0,,
c:17542,acquired,2000-01-01,,,,25.019178082191782,Menlo Park,USA,US-West,,1,1,0,,0,,roundD,1,,,Top,1,,,,4.0,,
c:44268,acquired,2010-01-25,,,,14.945205479452055,Campbell,USA,US-West,,1,1,0,,0,,roundA,0,,,Top,0,,,,7.0,,
c:51228,acquired,2008-10-01,,,,16.263013698630136,New York,USA,US-East,,1,1,0,,0,,roundA,1,,,Top,0,,,,1.0,,
c:71852,closed,2010-08-01,2013-06-01,,,2.835616438356164,Palo Alto,USA,US-West,,1,1,0,,0,,roundA,2,,,Top,0,,,,1.5,,
c:23125,acquired,2008-02-01,,,,16.92876712328767,Palo Alto,USA,US-West,,1,1,0,,0,,roundA,1,,,Top,0,,,,4.0,,
c:37928,acquired,2006-01-01,,,,19.013698630136986,Boxborough,USA,US-East,,1,1,0,,0,,roundA,2,,,Top,0,,,,1.0,,
c:65916,acquired,2009-04-30,,,,15.684931506849315,San Francisco,USA,US-West,,1,1,0,,0,,roundA,2,,,Top,0,,,,1.5,,
c:2245,closed,2013-04-16,2009-05-04,,,-3.9534246575342467,New York,USA,US-East,,1,1,0,,0,,roundA,0,,,Other,0,,,,1.0,,
c:16618,acquired,2007-01-01,,,,18.013698630136986,Atlanta,USA,US-South,,1,1,0,,0,,roundB,2,,,Top,0,,,,3.0,,
c:1541,acquired,2006-10-01,2010-11-16,,,4.1287671232876715,San Francisco,USA,US-West,,1,1,0,,0,,roundA,1,,,Top,0,,,,2.0,,
c:15687,closed,2005-01-01,2012-01-01,,,7.002739726027397,San Francisco,USA,US-West,,1,1,0,,0,,roundA,2,,,Top,1,,,,2.0,,
c:20889,acquired,2009-03-31,,,,15.767123287671232,Cambridge,USA,US-East,,1,1,0,,0,,roundA,1,,,Top,0,,,,5.75,,
c:2272,closed,2005-01-15,2010-01-04,,,4.972602739726027,San Mateo,USA,US-West,,1,1,0,,0,,roundA,1,,,Other,0,,,,1.0,,
c:5043,closed,2003-01-01,2008-10-15,,,5.791780821917809,Mountain View,USA,US-West,,1,1,0,,0,,roundC,1,,,Top,1,,,,3.0,,
c:42193,acquired,2009-01-01,,,,16.01095890410959,New York,USA,US-East,,1,1,0,,0,,roundA,0,,,Top,0,,,,8.0,,
c:60521,acquired,2010-07-26,,,,14.446575342465753,Lexington,USA,Other,,1,1,0,,0,,roundA,0,,,Top,0,,,,1.0,,
c:4881,acquired,2008-11-03,,,,16.172602739726027,Menlo Park,USA,US-West,,1,1,0,,0,,roundA,1,,,Top,0,,,,2.0,,
c:7345,closed,2006-01-01,2010-05-01,,,4.331506849315068,Chantilly,USA,Other,,1,1,0,,0,,roundA,1,,,Top,0,,,,2.0,,
c:103204,closed,2011-01-01,2013-05-01,,,2.3315068493150686,Palo Alto,USA,US-West,,1,1,0,,0,,roundA,0,,,Top,1,,,,1.0,,
c:25743,acquired,2004-01-01,,,,21.016438356164382,Waltham,USA,US-East,,1,1,0,,0,,roundA,3,,,Top,0,,,,2.6667,,
c:55829,closed,2002-01-01,2011-02-14,,,9.126027397260273,Santa Clara,USA,US-West,,1,1,0,,0,,roundA,0,,,Other,1,,,,2.0,,
c:26556,acquired,2003-10-01,,,,21.268493150684932,Santa Clara,USA,US-West,,1,1,0,,0,,roundB,2,,,Top,1,,,,7.6667,,
c:29312,acquired,2003-03-01,,,,21.854794520547944,McLean,USA,Other,,1,1,0,,0,,roundB,2,,,Top,1,,,,3.6667,,
c:3050,acquired,2002-01-01,,,,23.016438356164382,Lake Oswego,USA,US-West,,1,1,0,,0,,roundD,1,,,Top,0,,,,4.0,,
c:2709,acquired,2005-01-01,,,,20.013698630136986,New York,USA,US-East,,1,1,0,,0,,roundB,1,,,Top,1,,,,2.0,,
c:53946,closed,2000-01-01,2011-09-06,,,11.687671232876712,Allentown,USA,Other,,1,1,0,,0,,roundC,1,,,Top,0,,,,4.0,,
c:28752,acquired,2005-01-01,,,,20.013698630136986,Tewksbury,USA,Other,,1,1,0,,0,,roundA,2,,,Top,0,,,,2.5,,
c:1148,closed,2007-03-01,2009-08-01,,,2.421917808219178,Redwood City,USA,US-West,,1,1,0,,0,,roundA,1,,,Top,0,,,,2.0,,
c:1967,acquired,2005-08-28,,,,19.35890410958904,Austin,USA,US-South,,1,1,0,,0,,roundC,1,,,Top,1,,,,2.0,,
c:27142,acquired,2004-01-01,,,,21.016438356164382,Santa Clara,USA,US-West,,1,1,0,,0,,roundC,1,,,Top,0,,,,3.5,,
c:42123,acquired,2000-01-01,,,,25.019178082191782,Dedham,USA,US-East,,1,1,0,,0,,roundB,1,,,Top,1,,,,4.6667,,
c:41656,acquired,2001-01-01,,,,24.016438356164382,Cupertino,USA,US-West,,1,1,0,,0,,roundD,1,,,Top,0,,,,3.0,,
c:16145,acquired,2007-05-01,,,,17.684931506849313,Sunnyvale,USA,US-West,,1,1,0,,0,,roundA,2,,,Top,0,,,,2.5,,
c:6964,closed,2010-01-01,2013-05-01,,,3.3315068493150686,Boston,USA,US-East,,1,1,0,,0,,roundB,2,,,Top,1,,,,1.0,,
c:155821,closed,2012-01-01,2013-05-01,,,1.3315068493150686,Lawrenceville,USA,US-South,,1,1,0,,0,,roundA,0,,,Other,0,,,,1.0,,
c:49052,acquired,2005-01-01,,,,20.013698630136986,Jersey City,USA,US-East,,1,1,0,,0,,roundA,4,,,Top,0,,,,3.4,,
c:167795,closed,2011-11-15,2013-06-01,,,1.5452054794520549,NYC,USA,US-East,,1,1,0,,0,,roundA,0,,,Other,0,,,,2.0,,
c:34152,acquired,2000-01-01,,,,25.019178082191782,Annapolis,USA,Other,,1,1,0,,0,,roundA,2,,,Top,0,,,,1.5,,
c:3027,closed,2005-07-01,2009-10-21,,,4.30958904109589,Mountain View,USA,US-West,,1,1,0,,0,,roundA,4,,,Top,0,,,,3.0,,
c:10176,acquired,2008-09-10,,,,16.32054794520548,San Francisco,USA,US-West,,1,1,0,,0,,roundA,4,,,Top,0,,,,5.2,,
c:50076,acquired,2008-04-11,,,,16.736986301369864,Mountain View,USA,US-West,,1,1,0,,0,,roundA,1,,,Top,1,,,,1.5,,
c:26122,acquired,2001-01-01,,,,24.016438356164382,Austin,USA,US-South,,1,1,0,,0,,roundA,3,,,Top,0,,,,3.0,,
c:17501,closed,2006-01-01,2013-04-01,,,7.252054794520548,San Jose,USA,US-West,,1,1,0,,0,,roundA,3,,,Top,1,,,,3.2,,
c:1613,acquired,2005-02-23,,,,19.86849315068493,Mountain View,USA,US-West,,1,1,0,,0,,roundA,2,,,Top,0,,,,2.0,,
c:41484,acquired,2009-01-01,,,,16.01095890410959,Santa Clara,USA,US-West,,1,1,0,,0,,roundA,3,,,Top,0,,,,3.3333,,
c:76102,acquired,2009-06-12,,,,15.567123287671233,Washington,USA,Other,,1,1,0,,0,,roundA,0,,,Other,1,,,,2.0,,
c:76765,closed,2011-05-17,2013-07-01,,,2.126027397260274,New York,USA,US-East,,1,1,0,,0,,roundA,0,,,Top,0,,,,1.5,,
c:24986,acquired,2003-01-01,,,,22.016438356164382,Campbell,USA,US-West,,1,1,0,,0,,roundA,3,,,Top,0,,,,5.0,,
c:14593,acquired,2007-01-01,,,,18.013698630136986,Burlington,USA,US-East,,1,1,0,,0,,roundB,1,,,Top,1,,,,2.6667,,
c:138030,acquired,2011-01-01,,,,14.01095890410959,Las Vegas,USA,Other,,1,1,0,,0,,roundA,0,,,Top,0,,,,1.5,,
c:45339,closed,2003-01-01,2011-12-29,,,8.997260273972604,Santa Clara,USA,US-West,,1,1,0,,0,,roundC,1,,,Top,0,,,,4.0,,
c:1214,acquired,2000-01-01,,,,25.019178082191782,New York,USA,US-East,,1,1,0,,0,,roundA,1,,,Top,1,,,,3.5,,
c:63731,closed,2010-08-16,2012-09-01,,,2.0465753424657533,San Francisco,USA,US-West,,1,1,0,,0,,roundA,0,,,Other,0,,,,1.0,,
c:47848,acquired,2000-01-01,,,,25.019178082191782,Richardson,USA,US-South,,1,1,0,,0,,roundA,0,,,Top,1,,,,3.5,,
c:5347,acquired,2002-01-01,,,,23.016438356164382,Sunnyvale,USA,US-West,,1,1,0,,0,,roundA,3,,,Top,1,,,,2.6667,,
c:14993,closed,1999-01-01,2013-05-01,,,14.33972602739726,Andover,USA,US-East,,1,1,0,,0,,roundA,2,,,Top,1,,,,2.3333,,
c:1223,acquired,2006-10-01,,,,18.265753424657536,Los Altos,USA,US-West,,1,1,0,,0,,roundA,1,,,Other,0,,,,1.0,,
c:55421,acquired,2003-01-01,,,,22.016438356164382,Minnetonka,USA,Other,,1,1,0,,0,,roundA,1,,,Top,0,,,,1.0,,
c:28403,closed,2009-07-27,2013-10-30,,,4.263013698630137,Mountain View,USA,US-West,,1,1,0,,0,,roundA,1,,,Top,0,,,,3.5,,
c:1283,acquired,2005-10-01,,,,19.265753424657536,Mountain View,USA,US-West,,1,1,0,,0,,roundA,2,,,Top,0,,,,4.5,,
c:49621,closed,2002-01-01,2013-03-15,,,11.208219178082192,San Diego,USA,US-West,,1,1,0,,0,,roundA,0,,,Other,1,,,,2.0,,
c:15122,acquired,2003-01-01,,,,22.016438356164382,Mountain View,USA,US-West,,1,1,0,,0,,roundB,1,,,Top,1,,,,1.5,,
c:38019,closed,2007-01-01,2013-07-20,,,6.553424657534246,New York,USA,US-East,,1,1,0,,0,,roundA,0,,,Other,1,,,,3.0,,
c:4961,acquired,2007-02-01,,,,17.92876712328767,San Francisco,USA,US-West,,1,1,0,,0,,roundA,0,,,Top,1,,,,1.0,,
c:41483,acquired,2008-01-01,,,,17.013698630136986,Cupertino,USA,US-West,,1,1,0,,0,,roundB,1,,,Top,0,,,,3.0,,
c:12348,acquired,2008-07-01,,,,16.515068493150686,Redwood City,USA,US-West,,1,1,0,,0,,roundA,2,,,Top,0,,,,2.25,,
c:3202,closed,2005-08-05,2009-01-01,,,3.410958904109589,Los Angeles,USA,US-West,,1,1,0,,0,,roundA,1,,,Other,0,,,,1.0,,
c:32144,closed,2009-01-01,2012-01-01,,,3.0,Vancouver,USA,US-West,,1,1,0,,0,,roundA,0,,,Other,0,,,,1.0,,
c:32023,acquired,2000-01-01,,,,25.019178082191782,South San Francisco,USA,US-West,,1,1,0,,0,,roundC,1,,,Other,0,,,,1.0,,
c:1445,closed,2005-01-01,2011-10-01,,,6.750684931506849,Waltham,USA,US-East,,1,1,0,,0,,roundB,2,,,Top,1,,,,1.6667,,
c:53686,acquired,2000-01-01,,,,25.019178082191782,Lexington,USA,US-East,,1,1,0,,0,,roundD,1,,,Top,0,,,,4.0,,
c:50208,acquired,2008-01-01,,,,17.013698630136986,Pleasanton,USA,US-West,,1,1,0,,0,,roundB,1,,,Top,0,,,,1.0,,
c:16874,acquired,2000-06-01,,,,24.602739726027398,Santa Clara,USA,US-West,,1,1,0,,0,,roundD,1,,,Top,0,,,,6.0,,
c:643,acquired,2004-04-01,,,,20.767123287671232,New York,USA,US-East,,1,1,0,,0,,roundA,1,,,Other,0,,,,1.0,,
c:53471,closed,2001-01-01,2009-12-24,,,8.983561643835616,El Segundo,USA,US-West,,1,1,0,,0,,roundD,1,,,Top,0,,,,4.0,,
c:37780,closed,2005-01-01,2010-09-15,,,5.706849315068493,Farmington,USA,Other,,1,1,0,,0,,roundA,1,,,Top,0,,,,2.0,,
c:17508,acquired,2004-01-01,,,,21.016438356164382,Sunnyvale,USA,US-West,,1,1,0,,0,,roundA,2,,,Top,0,,,,3.0,,
c:2804,acquired,2001-03-01,,,,23.854794520547944,New York,USA,US-East,,1,1,0,,0,,roundB,1,,,Top,0,,,,4.0,,
c:11397,closed,2005-04-07,2010-03-01,,,4.901369863013699,New York,USA,US-East,,1,1,0,,0,,roundA,2,,,Top,0,,,,4.5,,
c:41409,closed,2009-07-01,2013-07-01,,,4.002739726027397,San Jose,USA,US-West,,1,1,0,,0,,roundA,0,,,Other,0,,,,1.0,,
c:55436,closed,2009-01-01,2013-09-27,,,4.739726027397261,New York,USA,US-East,,1,1,0,,0,,roundA,1,,,Top,0,,,,7.0,,
c:12630,closed,2003-01-01,2012-01-01,,,9.005479452054795,Mountain View,USA,US-West,,1,1,0,,0,,roundA,3,,,Top,0,,,,2.0,,
c:365,closed,2007-07-01,2013-10-15,,,6.295890410958904,San Diego,USA,US-West,,1,1,0,,0,,roundA,3,,,Top,1,,,,4.2,,
c:20832,closed,2008-01-01,2012-05-29,,,4.410958904109589,Seattle,USA,US-West,,1,1,0,,0,,roundA,1,,,Top,0,,,,1.0,,
c:39399,closed,2008-08-01,2011-06-29,,,2.9095890410958902,San Francisco,USA,US-West,,1,1,0,,0,,roundA,0,,,Top,0,,,,1.0,,
c:17809,acquired,2004-01-01,,,,21.016438356164382,Austin,USA,US-South,,1,1,0,,0,,roundA,3,,,Top,0,,,,4.0,,
c:23788,closed,1999-01-01,2012-01-04,,,13.016438356164384,Englewood,USA,Other,,1,1,0,,0,,roundA,0,,,Top,1,,,,5.0,,
c:30834,acquired,2009-01-01,,,,16.01095890410959,Los Angeles,USA,US-West,,1,1,0,,0,,roundA,2,,,Top,0,,,,3.5,,
c:39105,closed,2006-01-01,2012-07-01,,,6.501369863013698,Menlo Park,USA,US-West,,1,1,0,,0,,roundA,1,,,Top,1,,,,2.0,,
c:49960,acquired,2009-09-01,,,,15.345205479452055,San Bruno,USA,US-West,,1,1,0,,0,,roundA,1,,,Top,0,,,,7.0,,
c:9106,closed,2006-08-01,2012-09-04,,,6.098630136986301,Tampa,USA,US-South,,1,1,0,,0,,roundA,0,,,Other,0,,,,1.0,,
c:17581,acquired,2004-01-01,,,,21.016438356164382,Marlborough,USA,US-East,,1,1,0,,0,,roundB,2,,,Top,0,,,,2.0,,
c:14028,closed,2007-01-01,2012-02-01,,,5.087671232876712,Nashua,USA,Other,,1,1,0,,0,,roundA,2,,,Top,1,,,,2.0,,
c:1309,acquired,2005-01-01,,,,20.013698630136986,Mountain View,USA,US-West,,1,1,0,,0,,roundA,3,,,Top,0,,,,1.6667,,
c:28420,acquired,2002-01-01,,,,23.016438356164382,Cupertino,USA,US-West,,1,1,0,,0,,roundB,1,,,Top,0,,,,2.0,,
c:6562,acquired,2005-06-01,,,,19.6,San Francisco,USA,US-West,,1,1,0,,0,,roundA,2,,,Top,0,,,,1.5,,
c:4394,acquired,2005-01-01,,,,20.013698630136986,Boulder,USA,Other,,1,1,0,,0,,roundA,2,,,Top,1,,,,2.5,,
c:52346,acquired,2009-03-01,,,,15.849315068493151,Seattle,USA,US-West,,1,1,0,,0,,roundA,0,,,Top,0,,,,11.0,,
c:200,acquired,2007-06-01,,,,17.6,San Francisco,USA,US-West,,1,1,0,,0,,roundA,3,,,Top,0,,,,5.6667,,
c:36892,closed,2006-01-01,2013-05-01,,,7.3342465753424655,Saint Paul,USA,Other,,1,1,0,,0,,roundB,2,,,Top,1,,,,2.3333,,
c:139729,closed,2010-01-01,2013-07-01,,,3.4986301369863013,Philadelphia,USA,Other,,1,1,0,,0,,roundA,0,,,Other,1,,,,1.0,,
c:17724,acquired,2000-01-01,,,,25.019178082191782,Pleasanton,USA,US-West,,1,1,0,,0,,roundA,0,,,Top,0,,,,4.0,,
c:16285,acquired,2002-01-01,,,,23.016438356164382,San Diego,USA,US-West,,1,1,0,,0,,roundA,3,,,Top,0,,,,3.0,,
c:43954,acquired,2005-01-01,,,,20.013698630136986,Burlington,USA,US-East,,1,1,0,,0,,roundA,2,,,Top,1,,,,2.6667,,
c:27555,acquired,2002-01-01,,,,23.016438356164382,Sunnnyvale,USA,US-West,,1,1,0,,0,,roundC,1,,,Top,0,,,,9.0,,
c:18804,acquired,2003-01-01,,,,22.016438356164382,San Mateo,USA,US-West,,1,1,0,,0,,roundB,1,,,Top,0,,,,2.0,,
c:14787,acquired,2007-01-01,,,,18.013698630136986,San Francisco,USA,US-West,,1,1,0,,0,,roundA,1,,,Top,0,,,,2.0,,
c:81474,closed,2008-01-01,2013-06-01,,,5.419178082191781,Champaign,USA,Other,,1,1,0,,0,,roundA,0,,,Top,0,,,,3.0,,
c:34401,closed,2002-01-01,2011-01-01,,,9.005479452054795,Santa Clara,USA,US-West,,1,1,0,,0,,roundA,3,,,Top,0,,,,2.25,,
c:37934,closed,2006-01-01,2012-02-21,,,6.142465753424657,Golden Valley,USA,Other,,1,1,0,,0,,roundA,0,,,Other,1,,,,1.0,,
c:25383,closed,1997-01-01,2012-06-01,,,15.424657534246576,Pittsboro,USA,Other,,1,1,0,,0,,roundB,3,,,Top,1,,,,6.75,,
c:49872,acquired,2003-01-01,,,,22.016438356164382,Cambridge,USA,US-East,,1,1,0,,0,,roundA,0,,,Top,1,,,,7.0,,
c:58560,closed,2000-01-01,2007-01-01,,,7.005479452054795,Seattle,USA,US-West,,1,1,0,,0,,roundA,1,,,Top,0,,,,2.0,,
c:7666,acquired,2001-01-01,,,,24.016438356164382,Cambridge,USA,US-East,,1,1,0,,0,,roundC,1,,,Top,0,,,,7.0,,
c:19670,acquired,2008-01-01,,,,17.013698630136986,Burlington,USA,US-East,,1,1,0,,0,,roundA,2,,,Top,0,,,,2.0,,
c:35148,closed,2008-01-01,2009-02-25,,,1.1534246575342466,Menlo Park,USA,US-West,,1,1,0,,0,,roundA,0,,,Other,0,,,,1.0,,
c:142,acquired,2005-01-06,,,,20.0,San Francisco,USA,US-West,,1,1,0,,0,,roundA,1,,,Top,0,,,,1.0,,
c:101312,acquired,2011-06-01,,,,13.597260273972603,New York,USA,US-East,,1,1,0,,0,,roundA,1,,,Top,0,,,,2.0,,
c:46168,acquired,2006-01-01,,,,19.013698630136986,Brisbane,USA,US-West,,1,1,0,,0,,roundB,1,,,Top,1,,,,3.0,,
c:78868,acquired,2011-03-01,,,,13.849315068493151,New York,USA,US-East,,1,1,0,,0,,roundA,1,,,Top,0,,,,4.6667,,
c:1236,acquired,2005-12-01,,,,19.0986301369863,Seattle,USA,US-West,,1,1,0,,0,,roundA,2,,,Top,1,,,,3.3333,,
c:33949,acquired,2009-01-01,,,,16.01095890410959,San Francisco,USA,US-West,,1,1,0,,0,,roundA,2,,,Top,0,,,,4.0,,
c:35433,closed,2002-01-01,2010-05-24,,,8.397260273972602,Menlo Park,USA,US-West,,1,1,0,,0,,roundB,1,,,Top,1,,,,4.5,,
c:17774,acquired,2007-01-01,,,,18.013698630136986,Westford,USA,US-East,,1,1,0,,0,,roundA,2,,,Top,0,,,,2.5,,
c:44064,closed,1984-01-01,2012-05-21,,,28.405479452054795,Raleigh,USA,Other,,1,1,0,,0,,roundA,0,,,Other,1,,,,2.0,,
c:6171,closed,2008-01-01,2010-01-01,,,2.0027397260273974,Menlo Park,USA,US-West,,1,1,0,,0,,roundA,1,,,Top,0,,,,1.0,,
c:637,acquired,2006-10-01,,,,18.265753424657536,Waltham,USA,US-East,,1,1,0,,0,,roundA,3,,,Top,0,,,,1.6667,,
c:30343,acquired,2008-01-01,,,,17.013698630136986,Palo Alto,USA,US-West,,1,1,0,,0,,roundB,1,,,Top,1,,,,2.0,,
c:36276,closed,2009-01-01,2012-12-16,,,3.958904109589041,San Francisco,USA,US-West,,1,1,0,,0,,roundA,0,,,Top,0,,,,2.0,,
c:36310,acquired,2001-01-01,,,,24.016438356164382,Billerica,USA,US-East,,1,1,0,,0,,roundC,2,,,Top,0,,,,1.5,,
c:835,acquired,2007-01-01,,,,18.013698630136986,NY,USA,US-East,,1,1,0,,0,,roundA,2,,,Top,0,,,,1.5,,
c:46863,closed,2010-03-01,2013-06-01,,,3.254794520547945,Chicago,USA,Other,,1,1,0,,0,,roundA,1,,,Top,1,,,,3.0,,
c:179,acquired,2000-01-01,,,,25.019178082191782,Woburn,USA,US-East,,1,1,0,,0,,roundA,2,,,Top,0,,,,1.0,,
c:16784,acquired,2000-01-01,,,,25.019178082191782,Campbell,USA,US-West,,1,1,0,,0,,roundC,1,,,Top,0,,,,1.0,,
c:72750,acquired,2011-01-01,,,,14.01095890410959,New York,USA,US-East,,1,1,0,,0,,roundA,0,,,Other,0,,,,1.0,,
c:40152,closed,2004-01-01,2011-11-01,,,7.838356164383562,San Francisco,USA,US-West,,1,1,0,,0,,roundC,1,,,Top,1,,,,2.0,,
c:54077,acquired,2009-01-01,,,,16.01095890410959,Brooklyn,USA,US-East,,1,1,0,,0,,roundA,0,,,Top,1,,,,6.0,,
c:10452,acquired,2008-01-01,,,,17.013698630136986,New York,USA,US-East,,1,1,0,,0,,roundA,1,,,Top,1,,,,3.0,,
c:55427,acquired,2009-08-01,,,,15.43013698630137,Brooklyn,USA,US-East,,1,1,0,,0,,roundA,1,,,Top,0,,,,6.0,,
c:195311,closed,2012-08-01,2013-01-01,,,0.4191780821917808,Chicago,USA,Other,,1,1,0,,0,,roundA,0,,,Top,1,,,,1.0,,
c:2497,closed,2007-01-01,2010-01-01,,,3.0027397260273974,Austin,USA,US-South,,1,1,0,,0,,roundA,1,,,Top,1,,,,1.0,,
c:13465,acquired,2003-01-01,,,,22.016438356164382,San Jose,USA,US-West,,1,1,0,,0,,roundD,1,,,Top,0,,,,3.0,,
c:17983,acquired,2002-01-01,,,,23.016438356164382,Emeryville,USA,US-West,,1,1,0,,0,,roundA,2,,,Top,1,,,,2.0,,
c:12099,closed,2005-11-01,2013-01-01,,,7.1726027397260275,San Jose,USA,US-West,,1,1,0,,0,,roundA,3,,,Top,1,,,,2.7143,,
c:51239,acquired,2008-01-01,,,,17.013698630136986,Mountain View,USA,US-West,,1,1,0,,0,,roundA,2,,,Top,0,,,,2.0,,
c:74743,acquired,2009-06-01,,,,15.597260273972603,San Francisco,USA,US-West,,1,1,0,,0,,roundA,1,,,Top,0,,,,2.5,,
c:36192,closed,2007-01-01,2010-03-04,,,3.1726027397260275,Austin,USA,US-South,,1,1,0,,0,,roundA,1,,,Top,0,,,,4.0,,
c:20313,acquired,2007-11-01,,,,17.18082191780822,New York,USA,US-East,,1,1,0,,0,,roundA,1,,,Top,0,,,,4.0,,
c:60,acquired,2005-01-01,,,,20.013698630136986,Mountain View,USA,US-West,,1,1,0,,0,,roundA,4,,,Top,0,,,,1.3333,,
c:50092,acquired,2005-01-01,,,,20.013698630136986,San Jose,USA,US-West,,1,1,0,,0,,roundC,1,,,Top,0,,,,6.0,,
c:1637,closed,2006-08-06,2012-07-01,,,5.906849315068493,Richardson,USA,US-South,,1,1,0,,0,,roundA,3,,,Top,0,,,,4.0,,
c:144631,closed,2011-12-15,2013-07-01,,,1.5452054794520549,Washington,USA,Other,,1,1,0,,0,,roundA,0,,,Other,0,,,,1.0,,
c:56478,closed,2010-03-01,2013-06-01,,,3.254794520547945,Waltham,USA,US-East,,1,1,0,,0,,roundA,0,,,Other,0,,,,1.0,,
c:131583,closed,2008-01-01,2013-07-01,,,5.501369863013698,Fremont,USA,US-West,,1,1,0,,0,,roundB,1,,,Top,0,,,,3.0,,
c:146596,closed,2010-08-16,2012-08-01,,,1.9616438356164383,Campbell,USA,US-West,,1,1,0,,0,,roundA,0,,,Other,0,,,,1.0,,
c:42163,closed,2003-01-01,2013-02-01,,,10.093150684931507,Burlington,USA,US-East,,1,1,0,,0,,roundB,1,,,Top,1,,,,3.5,,
c:16111,closed,2002-01-01,2012-01-01,,,10.005479452054795,San Francisco,USA,US-West,,1,1,0,,0,,roundA,3,,,Top,0,,,,4.0,,
c:24274,acquired,2002-01-01,,,,23.016438356164382,Atlanta,USA,US-South,,1,1,0,,0,,roundA,0,,,Top,1,,,,1.3333,,
c:763,acquired,2000-12-01,,,,24.101369863013698,San Francisco,USA,US-West,,1,1,0,,0,,roundA,2,,,Top,0,,,,2.3333,,
c:79089,closed,2010-10-01,2013-02-01,,,2.33972602739726,Hollywood,USA,US-West,,1,1,0,,0,,roundA,0,,,Other,0,,,,1.0,,
c:43480,closed,2004-01-01,2011-01-01,,,7.005479452054795,Los Angeles,USA,US-West,,1,1,0,,0,,roundD,1,,,Top,0,,,,3.0,,
c:12224,closed,2008-01-01,2013-06-01,,,5.419178082191781,Viena,USA,Other,,1,1,0,,0,,roundA,0,,,Other,1,,,,1.0,,
c:54488,closed,2008-01-01,2011-07-01,,,3.4986301369863013,Austin,USA,US-South,,1,1,0,,0,,roundA,0,,,Top,1,,,,5.0,,
c:16181,acquired,2000-01-01,,,,25.019178082191782,Campbell,USA,US-West,,1,1,0,,0,,roundD,1,,,Top,1,,,,4.6667,,
c:173118,closed,2012-08-01,2013-08-01,,,1.0,Hillsborough,USA,US-East,,1,1,0,,0,,roundA,0,,,Other,0,,,,1.0,,
c:1607,acquired,2006-11-01,,,,18.18082191780822,Potomac Falls,USA,Other,,1,1,0,,0,,roundA,0,,,Top,0,,,,2.0,,
c:78759,acquired,2009-01-01,,,,16.01095890410959,Atlanta,USA,US-South,,1,1,0,,0,,roundA,0,,,Top,1,,,,5.0,,
c:3562,closed,1999-05-01,2013-01-01,,,13.682191780821919,San Mateo,USA,US-West,,1,1,0,,0,,roundA,0,,,Other,1,,,,1.0,,
c:38655,closed,1995-01-01,2012-06-01,,,17.427397260273974,Santa Barbara,USA,US-West,,1,1,0,,0,,roundA,1,,,Top,0,,,,2.0,,
c:52406,acquired,2007-02-08,,,,17.90958904109589,Austin,USA,US-South,,1,1,0,,0,,roundA,3,,,Top,1,,,,1.75,,
c:2178,closed,2007-08-29,2011-10-21,,,4.147945205479452,San Francisco,USA,US-West,,1,1,0,,0,,roundA,1,,,Other,0,,,,2.0,,
c:10864,acquired,2007-04-01,,,,17.767123287671232,Tempe,USA,Other,,1,1,0,,0,,roundA,1,,,Top,0,,,,3.0,,
c:934,acquired,2006-01-01,,,,19.013698630136986,Cambridge,USA,US-East,,1,1,0,,0,,roundA,3,,,Top,1,,,,1.75,,
c:23251,closed,2008-01-01,2011-12-10,,,3.9424657534246577,Tualatin,USA,US-West,,1,1,0,,0,,roundA,1,,,Top,0,,,,1.0,,
c:25600,acquired,2008-01-01,,,,17.013698630136986,Cambridge,USA,US-East,,1,1,0,,0,,roundA,2,,,Top,0,,,,2.0,,
c:46943,acquired,2007-10-01,,,,17.265753424657536,Chicago,USA,US-West,,1,1,0,,0,,roundA,2,,,Top,0,,,,3.5,,
c:15829,acquired,2006-01-01,,,,19.013698630136986,Milpitas,USA,US-West,,1,1,0,,0,,roundA,4,,,Top,1,,,,3.0,,
c:25737,acquired,2006-01-01,,,,19.013698630136986,Redwood City,USA,US-West,,1,1,0,,0,,roundA,3,,,Top,0,,,,3.6667,,
c:28483,acquired,2009-08-01,,,,15.43013698630137,Mountain View,USA,US-West,,1,1,0,,0,,roundA,1,,,Top,0,,,,4.0,,
c:21040,acquired,2002-01-01,,,,23.016438356164382,Framingham,USA,US-East,,1,1,0,,0,,roundD,1,,,Top,0,,,,4.0,,
c:15458,closed,2004-10-01,2012-06-15,,,7.7095890410958905,Rye Brook,USA,US-East,,1,1,0,,0,,roundA,0,,,Top,1,,,,3.0,,
c:1590,acquired,2000-08-28,,,,24.361643835616437,Redmond,USA,US-West,,1,1,0,,0,,roundA,2,,,Top,0,,,,3.0,,
c:5988,acquired,2005-01-01,,,,20.013698630136986,San Mateo,USA,US-West,,1,1,0,,0,,roundA,1,,,Top,0,,,,2.0,,
c:34549,acquired,2009-01-01,,,,16.01095890410959,Brooklyn,USA,US-East,,1,1,0,,0,,roundA,1,,,Top,0,,,,16.0,,
c:19538,closed,2008-09-01,2010-12-25,,,2.315068493150685,Seattle,USA,US-West,,1,1,0,,0,,roundA,1,,,Top,1,,,,1.0,,
c:29605,closed,2009-01-01,2012-03-14,,,3.2,Yardley,USA,Other,,1,1,0,,0,,roundA,0,,,Top,1,,,,1.0,,
c:148139,acquired,2012-01-10,,,,12.986301369863014,Mountain View,USA,US-West,,1,1,0,,0,,roundA,0,,,Top,0,,,,1.0,,
c:904,closed,2006-10-01,2009-10-01,,,3.0027397260273974,Carlsbad,USA,US-West,,1,1,0,,0,,roundA,1,,,Top,0,,,,1.0,,
c:64694,acquired,2008-01-01,,,,17.013698630136986,Santa Monica,USA,US-West,,1,1,0,,0,,roundA,0,,,Top,1,,,,1.0,,
c:1923,acquired,2007-08-01,,,,17.432876712328767,San Francisco,USA,US-West,,1,1,0,,0,,roundA,1,,,Top,0,,,,11.5,,
c:152560,closed,2011-01-01,2013-09-06,,,2.682191780821918,San Francisco,USA,US-West,,1,1,0,,0,,roundA,1,,,Top,0,,,,8.0,,
c:71639,acquired,2009-01-01,,,,16.01095890410959,San Rafael,USA,US-West,,1,1,0,,0,,roundA,1,,,Other,0,,,,1.0,,
c:65601,closed,2010-01-01,2012-05-01,,,2.3315068493150686,Hollywood,USA,US-West,,1,1,0,,0,,roundA,0,,,Other,0,,,,1.0,,
c:2351,acquired,2005-06-01,,,,19.6,Berkeley,USA,US-West,,1,1,0,,0,,roundA,1,,,Top,1,,,,3.0,,
c:6854,closed,2007-09-01,2012-07-15,,,4.873972602739726,Pasadena,USA,US-West,,1,1,0,,0,,roundA,1,,,Other,1,,,,1.0,,
c:25306,acquired,2008-03-01,,,,16.84931506849315,New York,USA,US-East,,1,1,0,,0,,roundA,3,,,Top,0,,,,2.25,,
c:10915,acquired,2002-01-01,,,,23.016438356164382,San Jose,USA,US-West,,1,1,0,,0,,roundD,1,,,Top,0,,,,5.0,,
c:70661,closed,2010-02-01,2012-01-01,,,1.915068493150685,New York,USA,US-East,,1,1,0,,0,,roundA,0,,,Top,0,,,,6.0,,
c:9668,closed,2000-01-01,2011-01-01,,,11.008219178082191,San Diego,USA,US-West,,1,1,0,,0,,roundC,2,,,Top,1,,,,2.0,,
c:2434,acquired,2000-01-01,,,,25.019178082191782,Portland,USA,US-West,,1,1,0,,0,,roundA,2,,,Other,0,,,,1.0,,
c:522,acquired,2001-01-01,,,,24.016438356164382,San Francisco,USA,US-West,,1,1,0,,0,,roundA,1,,,Top,0,,,,1.5,,
c:1165,acquired,2006-05-03,,,,18.67945205479452,Cambridge,USA,US-East,,1,1,0,,0,,roundA,1,,,Top,1,,,,1.6667,,
c:80433,acquired,2009-11-25,,,,15.112328767123287,Sunnyvale,USA,US-West,,1,1,0,,0,,roundA,1,,,Top,0,,,,2.0,,
c:79456,closed,2011-03-01,2012-01-01,,,0.8383561643835616,Kenmore,USA,US-East,,1,1,0,,0,,roundA,0,,,Other,0,,,,1.0,,
c:17282,acquired,2001-01-01,,,,24.016438356164382,Laguna Niguel,USA,US-West,,1,1,0,,0,,roundC,1,,,Top,1,,,,2.5,,
c:3610,acquired,2004-12-06,2011-05-19,,,6.4520547945205475,Mountain View,USA,US-West,,1,1,0,,0,,roundB,2,,,Top,0,,,,2.5,,
c:30667,closed,2004-01-01,2012-03-16,,,8.210958904109589,Mountain View,USA,US-West,,1,1,0,,0,,roundB,1,,,Other,0,,,,2.0,,
c:59054,closed,2010-10-04,2012-01-01,,,1.2438356164383562,La Jolla,USA,US-West,,1,1,0,,0,,roundA,0,,,Top,0,,,,3.0,,
c:22721,acquired,2008-01-01,,,,17.013698630136986,Redwood City,USA,US-West,,1,1,0,,0,,roundA,2,,,Top,0,,,,1.5,,
c:22168,acquired,2009-07-14,,,,15.479452054794521,Austin,USA,US-South,,1,1,0,,0,,roundA,1,,,Top,0,,,,3.0,,
c:1205,closed,2006-02-01,2013-06-28,,,7.4082191780821915,San Francisco,USA,US-West,,1,1,0,,0,,roundA,1,,,Top,1,,,,2.0,,
c:23139,acquired,2009-05-01,,,,15.682191780821919,San Francisco,USA,US-West,,1,1,0,,0,,roundA,1,,,Top,0,,,,8.6667,,
c:51379,acquired,2010-07-01,,,,14.515068493150684,San Francisco,USA,US-West,,1,1,0,,0,,roundA,1,,,Top,0,,,,5.0,,
c:23107,acquired,2002-01-01,,,,23.016438356164382,Addison,USA,US-South,,1,1,0,,0,,roundB,2,,,Top,1,,,,5.3333,,
c:50162,acquired,2010-02-01,,,,14.926027397260274,Mountain View,USA,US-West,,1,1,0,,0,,roundA,0,,,Other,0,,,,4.0,,
c:15470,acquired,2003-01-01,,,,22.016438356164382,New York,USA,US-East,,1,1,0,,0,,roundB,1,,,Top,1,,,,1.0,,
c:58237,acquired,2002-01-01,,,,23.016438356164382,Pleasanton,USA,US-West,,1,1,0,,0,,roundC,1,,,Top,0,,,,5.0,,
c:25001,acquired,2009-01-01,,,,16.01095890410959,San Diego,USA,US-West,,1,1,0,,0,,roundA,4,,,Top,0,,,,2.5,,
c:163104,acquired,2012-06-01,,,,12.594520547945205,New York,USA,US-East,,1,1,0,,0,,roundA,0,,,Top,0,,,,5.0,,
c:43263,acquired,2009-08-10,,,,15.405479452054795,New York,USA,US-East,,1,1,0,,0,,roundA,0,,,Other,0,,,,1.0,,
c:37173,closed,1999-01-01,2012-02-02,,,13.095890410958905,Cleveland,USA,Other,,1,1,0,,0,,roundA,0,,,Top,1,,,,3.0,,
c:12179,closed,2005-01-01,2012-10-31,,,7.835616438356165,Indianapolis,USA,Other,,1,1,0,,0,,roundB,1,,,Other,1,,,,3.0,,
c:42501,acquired,2005-01-01,,,,20.013698630136986,Cambridge,USA,US-East,,1,1,0,,0,,roundA,0,,,Top,1,,,,1.0,,
c:15017,acquired,2005-01-01,,,,20.013698630136986,Emeryville,USA,US-West,,1,1,0,,0,,roundA,1,,,Top,0,,,,2.0,,
c:17320,acquired,2003-01-01,,,,22.016438356164382,Mountain View,USA,US-West,,1,1,0,,0,,roundA,2,,,Top,0,,,,2.0,,
c:1716,acquired,2006-01-01,,,,19.013698630136986,San Francisco,USA,US-West,,1,1,0,,0,,roundA,3,,,Top,0,,,,1.25,,
c:6356,acquired,2007-01-01,,,,18.013698630136986,San Mateo,USA,US-West,,1,1,0,,0,,roundB,1,,,Top,0,,,,2.0,,
c:7163,closed,2006-01-01,2013-01-01,,,7.005479452054795,Lancaster,USA,Other,,1,1,0,,0,,roundA,0,,,Other,1,,,,2.0,,
c:46835,acquired,2009-12-01,,,,15.095890410958905,Seattle,USA,US-West,,1,1,0,,0,,roundA,1,,,Top,1,,,,1.0,,
c:18027,closed,2000-01-01,2012-09-10,,,12.7013698630137,San Jose,USA,US-West,,1,1,0,,0,,roundB,1,,,Top,1,,,,3.5,,
c:17634,acquired,2000-01-01,,,,25.019178082191782,Thousand Oaks,USA,US-West,,1,1,0,,0,,roundA,1,,,Top,1,,,,2.0,,
c:47341,closed,2009-04-08,2012-01-01,,,2.734246575342466,Provo,USA,Other,,1,1,0,,0,,roundA,0,,,Other,0,,,,1.0,,
c:42610,closed,2001-01-01,2008-09-11,,,7.698630136986301,Palo Alto,USA,US-West,,1,1,0,,0,,roundC,1,,,Top,0,,,,5.0,,
c:10137,acquired,2008-07-08,,,,16.495890410958904,New York,USA,US-East,,1,1,0,,0,,roundA,0,,,Top,0,,,,6.0,,
c:47662,closed,2010-02-12,2012-02-17,,,2.0136986301369864,New York,USA,US-East,,1,1,0,,0,,roundA,0,,,Other,0,,,,1.0,,
c:29387,acquired,2003-01-01,,,,22.016438356164382,Los Gatos,USA,US-West,,1,1,0,,0,,roundB,2,,,Top,1,,,,3.3333,,
c:58696,closed,2010-05-01,2013-03-01,,,2.835616438356164,Columbus,USA,Other,,1,1,0,,0,,roundA,0,,,Other,0,,,,1.0,,
c:13815,acquired,2008-01-01,,,,17.013698630136986,Pasadena,USA,US-West,,1,1,0,,0,,roundA,1,,,Other,0,,,,2.0,,
c:55307,acquired,2010-08-01,,,,14.43013698630137,Portland,USA,US-West,,1,1,0,,0,,roundA,2,,,Top,0,,,,4.5,,
c:2033,acquired,2005-05-04,,,,19.676712328767124,San Francisco,USA,US-West,,1,1,0,,0,,roundA,1,,,Other,0,,,,1.0,,
c:444,closed,2005-03-01,2009-07-17,,,4.380821917808219,Redmond,USA,US-West,,1,1,0,,0,,roundA,0,,,Other,0,,,,1.0,,
c:454,closed,2007-04-01,2011-01-01,,,3.756164383561644,San Francisco,USA,US-West,,1,1,0,,0,,roundB,1,,,Top,0,,,,5.5,,
c:11531,acquired,2003-01-01,,,,22.016438356164382,Foster City,USA,US-West,,1,1,0,,0,,roundA,3,,,Top,0,,,,2.6667,,
c:741,acquired,2007-01-01,,,,18.013698630136986,San Francisco,USA,US-West,,1,1,0,,0,,roundA,2,,,Top,0,,,,2.6667,,
c:37826,acquired,2009-03-01,,,,15.849315068493151,New York,USA,US-East,,1,1,0,,0,,roundA,3,,,Top,0,,,,1.5,,
c:7299,acquired,2003-06-01,,,,21.602739726027398,Denver,USA,Other,,1,1,0,,0,,roundA,2,,,Top,1,,,,2.0,,
c:35579,acquired,2009-01-01,,,,16.01095890410959,Cupertino,USA,US-West,,1,1,0,,0,,roundA,2,,,Top,0,,,,2.0,,
c:21654,acquired,2002-01-01,,,,23.016438356164382,Sunnyvale,USA,US-West,,1,1,0,,0,,roundB,1,,,Top,0,,,,4.0,,
c:57338,acquired,2009-03-19,,,,15.8,Mountain View,USA,US-West,,1,1,0,,0,,roundA,0,,,Top,1,,,,8.5,,
c:16613,acquired,2000-01-01,,,,25.019178082191782,Arcadia,USA,US-West,,1,1,0,,0,,roundC,1,,,Top,1,,,,4.25,,
c:334,closed,2004-02-01,2008-05-07,,,4.265753424657534,San Mateo,USA,US-West,,1,1,0,,0,,roundA,1,,,Top,0,,,,1.0,,
c:8527,acquired,2006-12-01,,,,18.0986301369863,Bellevue,USA,US-West,,1,1,0,,0,,roundA,1,,,Top,0,,,,1.0,,
c:1389,closed,2006-01-01,2009-05-20,,,3.3835616438356166,Redwood City,USA,US-West,,1,1,0,,0,,roundA,2,,,Top,0,,,,1.5,,
c:31614,acquired,2002-01-01,,,,23.016438356164382,Brisbane,USA,US-West,,1,1,0,,0,,roundA,0,,,Other,1,,,,1.0,,
c:15709,closed,2006-01-01,2012-12-09,,,6.942465753424657,New York,USA,US-East,,1,1,0,,0,,roundA,2,,,Other,0,,,,1.0,,
c:63053,acquired,2008-01-01,,,,17.013698630136986,Sunnyvale,USA,US-West,,1,1,0,,0,,roundA,1,,,Other,0,,,,1.0,,
c:668,acquired,2006-01-01,,,,19.013698630136986,Palo Alto,USA,US-West,,1,1,0,,0,,roundA,1,,,Top,0,,,,4.0,,
c:79149,closed,2009-01-01,2013-07-16,,,4.53972602739726,Yorba Linda,USA,US-West,,1,1,0,,0,,roundA,1,,,Top,0,,,,1.0,,
c:17070,acquired,2000-01-01,,,,25.019178082191782,Sunnyvale,USA,US-West,,1,1,0,,0,,roundA,0,,,Top,1,,,,4.5,,
c:7329,acquired,2007-08-01,,,,17.432876712328767,New York,USA,US-East,,1,1,0,,0,,roundA,0,,,Top,1,,,,2.0,,
c:26666,acquired,2001-10-01,,,,23.268493150684932,Campbell,USA,US-West,,1,1,0,,0,,roundA,1,,,Top,1,,,,3.0,,
c:32475,acquired,2007-01-01,,,,18.013698630136986,Palo Alto,USA,US-West,,1,1,0,,0,,roundA,3,,,Top,0,,,,2.6667,,
c:5585,acquired,2005-07-01,,,,19.517808219178082,San Carlos,USA,US-West,,1,1,0,,0,,roundA,3,,,Top,0,,,,4.5,,
c:59298,closed,2010-05-01,2012-06-01,,,2.0876712328767124,Los Angeles,USA,US-West,,1,1,0,,0,,roundB,1,,,Top,0,,,,2.0,,
c:19725,acquired,2002-01-01,,,,23.016438356164382,Palo Alto,USA,US-West,,1,1,0,,0,,roundA,0,,,Other,0,,,,1.0,,
c:3770,acquired,2004-01-01,,,,21.016438356164382,San Francisco,USA,US-West,,1,1,0,,0,,roundA,1,,,Top,0,,,,7.0,,
c:13127,acquired,2008-11-01,,,,16.17808219178082,San Francisco,USA,US-West,,1,1,0,,0,,roundA,1,,,Top,0,,,,1.0,,
c:59187,acquired,2007-01-01,,,,18.013698630136986,Seattle,USA,US-West,,1,1,0,,0,,roundA,1,,,Top,0,,,,3.0,,
c:253,acquired,2000-02-01,,,,24.934246575342467,Bellevue,USA,US-West,,1,1,0,,0,,roundA,4,,,Top,0,,,,1.4,,
c:1350,acquired,2006-01-01,,,,19.013698630136986,Acton,USA,US-East,,1,1,0,,0,,roundA,3,,,Top,0,,,,2.6667,,
c:26240,acquired,2005-01-01,,,,20.013698630136986,Dallas,USA,US-South,,1,1,0,,0,,roundA,0,,,Other,1,,,,1.0,,
c:3487,acquired,2007-01-01,,,,18.013698630136986,Palo Alto,USA,US-West,,1,1,0,,0,,roundA,1,,,Other,0,,,,2.0,,
c:2478,closed,2008-01-01,2012-01-01,,,4.002739726027397,Newton,USA,US-East,,1,1,0,,0,,roundA,1,,,Other,0,,,,4.0,,
c:42062,closed,1996-01-01,2012-07-08,,,16.528767123287672,Tempe,USA,Other,,1,1,0,,0,,roundB,1,,,Top,0,,,,7.0,,
c:51890,acquired,2003-01-01,,,,22.016438356164382,Sunnyvale,USA,US-West,,1,1,0,,0,,roundD,1,,,Top,0,,,,6.0,,
c:17481,closed,2004-01-01,2012-09-18,,,8.72054794520548,Santa Clara,USA,US-West,,1,1,0,,0,,roundA,2,,,Top,0,,,,4.0,,
c:148284,closed,2009-09-19,2013-05-01,,,3.6164383561643834,Toledo,USA,Other,,1,1,0,,0,,roundA,0,,,Other,0,,,,1.0,,
c:38095,acquired,2009-11-16,,,,15.136986301369863,Seattle,USA,US-West,,1,1,0,,0,,roundA,0,,,Other,1,,,,1.0,,
c:42227,closed,2003-01-01,2012-01-04,,,9.013698630136986,Carlsbad,USA,US-West,,1,1,0,,0,,roundC,1,,,Other,0,,,,1.0,,
c:41006,acquired,2009-10-09,,,,15.241095890410959,San Francisco,USA,US-West,,1,1,0,,0,,roundA,0,,,Other,0,,,,3.0,,
c:27938,closed,2006-01-01,2013-05-01,,,7.3342465753424655,New York,USA,US-East,,1,1,0,,0,,roundB,1,,,Top,1,,,,3.0,,
c:28482,acquired,2008-01-01,,,,17.013698630136986,Fremont,USA,US-West,,1,1,0,,0,,roundA,3,,,Top,1,,,,2.25,,
c:5801,acquired,2008-01-01,,,,17.013698630136986,Austin,USA,US-South,,1,1,0,,0,,roundA,1,,,Top,0,,,,4.75,,
c:17738,acquired,2003-01-01,,,,22.016438356164382,San Mateo,USA,US-West,,1,1,0,,0,,roundC,1,,,Top,1,,,,3.0,,
c:45112,closed,2003-01-01,2012-01-01,,,9.005479452054795,Santa Clara,USA,US-West,,1,1,0,,0,,roundB,1,,,Top,0,,,,6.0,,
c:22726,acquired,2008-01-01,,,,17.013698630136986,San Mateo,USA,US-West,,1,1,0,,0,,roundB,1,,,Top,0,,,,1.0,,
c:43458,closed,1998-01-01,2008-05-09,,,10.35890410958904,San Mateo,USA,US-West,,1,1,0,,0,,roundA,0,,,Top,1,,,,3.0,,
c:195233,acquired,2010-07-01,,,,14.515068493150684,San Mateo,USA,US-West,,1,1,0,,0,,roundA,1,,,Top,0,,,,1.5,,
c:6219,closed,2007-09-01,2012-04-15,,,4.624657534246575,Torrance,USA,US-West,,1,1,0,,0,,roundA,0,,,Other,0,,,,2.0,,
c:38337,acquired,2013-02-05,,,,11.912328767123288,San Francisco,USA,US-West,,1,1,0,,0,,roundA,0,,,Top,1,,,,4.0,,
c:20672,acquired,2008-08-01,,,,16.43013698630137,Santa Monica,USA,US-West,,1,1,0,,0,,roundA,0,,,Top,0,,,,5.0,,
c:14483,closed,2008-09-01,2013-01-10,,,4.361643835616438,Altamonte Springs,USA,US-South,,1,1,0,,0,,roundA,0,,,Other,0,,,,1.0,,
c:44616,closed,2010-01-01,2013-07-01,,,3.4986301369863013,Westport,USA,Other,,1,1,0,,0,,roundA,0,,,Other,0,,,,2.5,,
c:60580,acquired,2010-08-01,,,,14.43013698630137,Seattle,USA,US-West,,1,1,0,,0,,roundA,0,,,Top,0,,,,5.0,,
c:1111,acquired,2005-07-15,,,,19.47945205479452,Palo Alto,USA,US-West,,1,1,0,,0,,roundA,2,,,Top,0,,,,1.0,,
c:2955,acquired,2003-01-01,,,,22.016438356164382,Seattle,USA,US-West,,1,1,0,,0,,roundB,1,,,Top,0,,,,1.0,,
c:148566,closed,2010-01-01,2012-01-14,,,2.0356164383561643,Providence,USA,Other,,1,1,0,,0,,roundA,0,,,Top,0,,,,1.0,,
c:703,acquired,2006-04-01,,,,18.767123287671232,New York,USA,US-East,,1,1,0,,0,,roundB,2,,,Top,0,,,,1.5,,
c:38721,acquired,2006-01-01,,,,19.013698630136986,Chelmsford,USA,US-East,,1,1,0,,0,,roundA,2,,,Top,1,,,,3.0,,
c:79431,acquired,2010-05-01,,,,14.682191780821919,San Francisco,USA,US-West,,1,1,0,,0,,roundA,1,,,Top,0,,,,4.5,,
c:50449,closed,2010-05-01,2013-07-01,,,3.16986301369863,San Francisco,USA,US-West,,1,1,0,,0,,roundA,0,,,Top,0,,,,5.0,,
c:61783,acquired,2009-01-01,,,,16.01095890410959,Boulder,USA,Other,,1,1,0,,0,,roundA,2,,,Top,1,,,,1.5,,
c:10199,acquired,2007-06-08,,,,17.58082191780822,Chicago,USA,Other,,1,1,0,,0,,roundA,0,,,Top,1,,,,1.0,,
c:37304,acquired,2009-09-01,,,,15.345205479452055,San Francisco,USA,US-West,,1,1,0,,0,,roundA,0,,,Top,0,,,,3.0,,
c:179507,acquired,2011-01-01,,,,14.01095890410959,Palo Alto,USA,US-West,,1,1,0,,0,,roundA,0,,,Top,1,,,,2.0,,
c:55122,acquired,2010-05-01,,,,14.682191780821919,New York,USA,US-East,,1,1,0,,0,,roundB,1,,,Top,0,,,,8.5,,
c:11498,closed,2007-12-01,2012-04-23,,,4.397260273972603,San Francisco,USA,US-West,,1,1,0,,0,,roundA,0,,,Other,0,,,,3.0,,
c:16134,closed,2006-01-01,2010-06-17,,,4.46027397260274,Santa Clara,USA,US-West,,1,1,0,,0,,roundB,1,,,Top,0,,,,4.0,,
c:35511,acquired,2003-01-01,,,,22.016438356164382,Austin,USA,US-South,,1,1,0,,0,,roundC,2,,,Top,0,,,,5.5,,
c:30152,acquired,2006-01-01,,,,19.013698630136986,"El Segundo,",USA,US-West,,1,1,0,,0,,roundB,2,,,Top,1,,,,2.3333,,
c:27339,acquired,2007-01-01,,,,18.013698630136986,San Mateo,USA,US-West,,1,1,0,,0,,roundA,0,,,Top,1,,,,2.0,,
c:25510,acquired,2001-01-01,,,,24.016438356164382,Hampton,USA,US-East,,1,1,0,,0,,roundB,2,,,Top,0,,,,6.0,,
c:33519,closed,2008-10-01,2013-06-01,,,4.668493150684932,Idaho Falls,USA,Other,,1,1,0,,0,,roundA,1,,,Top,0,,,,1.0,,
c:42223,acquired,2008-08-02,,,,16.427397260273974,San Diego,USA,US-West,,1,1,0,,0,,roundA,1,,,Top,1,,,,2.6667,,
c:42497,acquired,2008-01-01,,,,17.013698630136986,San Francisco,USA,US-West,,1,1,0,,0,,roundA,2,,,Top,0,,,,2.6667,,
c:15123,acquired,2005-01-01,,,,20.013698630136986,Mountain View,USA,US-West,,1,1,0,,0,,roundC,1,,,Top,1,,,,2.6667,,
c:23588,acquired,2007-01-15,,,,17.975342465753425,San Francisco,USA,US-West,,1,1,0,,0,,roundA,3,,,Top,1,,,,2.3333,,
c:38273,closed,2000-01-01,2012-01-01,,,12.008219178082191,Burlington,USA,US-East,,1,1,0,,0,,roundC,1,,,Top,1,,,,2.5,,
c:15018,acquired,2008-01-08,,,,16.994520547945207,Menlo Park,USA,US-West,,1,1,0,,0,,roundA,2,,,Top,1,,,,2.6667,,
c:37335,acquired,2001-01-01,,,,24.016438356164382,Acton,USA,US-East,,1,1,0,,0,,roundB,3,,,Top,1,,,,2.0,,
c:31559,acquired,2001-01-01,,,,24.016438356164382,Mountain View,USA,US-West,,1,1,0,,0,,roundA,0,,,Top,0,,,,3.0,,
c:9665,acquired,2000-01-01,,,,25.019178082191782,Campbell,USA,US-West,,1,1,0,,0,,roundD,1,,,Top,0,,,,3.0,,
c:18163,acquired,2004-01-01,,,,21.016438356164382,Campbell,USA,US-West,,1,1,0,,0,,roundA,2,,,Top,0,,,,2.5,,
c:14345,closed,2007-11-01,2013-02-22,,,5.315068493150685,New York,USA,US-East,,1,1,0,,0,,roundA,1,,,Top,1,,,,1.0,,
c:33416,acquired,2008-06-01,,,,16.5972602739726,Cambridge,USA,US-East,,1,1,0,,0,,roundA,2,,,Top,0,,,,3.75,,
c:40147,closed,2004-01-01,2012-11-05,,,8.852054794520548,San Jose,USA,US-West,,1,1,0,,0,,roundA,0,,,Top,1,,,,3.0,,
c:62269,acquired,2011-01-01,,,,14.01095890410959,Palo Alto,USA,US-West,,1,1,0,,0,,roundA,0,,,Top,0,,,,2.0,,
c:16273,acquired,2003-01-01,,,,22.016438356164382,Scotts Valley,USA,US-West,,1,1,0,,0,,roundB,2,,,Top,1,,,,3.0,,
c:38196,acquired,2004-01-01,,,,21.016438356164382,La Jolla,USA,US-West,,1,1,0,,0,,roundA,3,,,Top,1,,,,4.0,,
c:5411,acquired,2007-09-01,,,,17.34794520547945,El Segundo,USA,US-West,,1,1,0,,0,,roundA,2,,,Top,0,,,,3.0,,
c:54465,acquired,2010-01-01,,,,15.01095890410959,San Francisco,USA,US-West,,1,1,0,,0,,roundA,0,,,Top,0,,,,6.0,,
c:34267,closed,2006-09-01,2012-04-01,,,5.586301369863014,Addison,USA,US-South,,1,1,0,,0,,roundA,1,,,Top,1,,,,1.0,,
c:1042,acquired,2007-10-01,,,,17.265753424657536,San Francisco,USA,US-West,,1,1,0,,0,,roundA,0,,,Other,1,,,,1.0,,
c:1756,acquired,2004-03-01,,,,20.852054794520548,McLean,USA,Other,,1,1,0,,0,,roundA,3,,,Top,0,,,,2.3333,,
c:31452,closed,2005-01-01,2010-03-05,,,5.175342465753425,Avon,USA,Other,,1,1,0,,0,,roundA,1,,,Top,0,,,,1.0,,
c:39101,acquired,2008-11-01,,,,16.17808219178082,Aliso Viejo,USA,US-West,,1,1,0,,0,,roundA,3,,,Top,0,,,,3.6667,,
c:60186,closed,2006-01-01,2013-06-01,,,7.419178082191781,San Francisco,USA,US-West,,1,1,0,,0,,roundA,0,,,Top,1,,,,4.0,,
c:74341,acquired,2001-01-01,,,,24.016438356164382,Portland,USA,US-West,,1,1,0,,0,,roundA,1,,,Other,0,,,,3.0,,
c:3950,acquired,2008-01-01,,,,17.013698630136986,Sunnyvale,USA,US-West,,1,1,0,,0,,roundA,4,,,Top,0,,,,3.0,,
c:60457,acquired,2010-05-01,,,,14.682191780821919,Palo Alto,USA,US-West,,1,1,0,,0,,roundA,0,,,Other,1,,,,1.0,,
c:7748,closed,2007-06-01,2008-06-11,,,1.0301369863013699,San Francisco,USA,US-West,,1,1,0,,0,,roundA,0,,,Top,0,,,,8.0,,
c:35903,closed,1997-01-01,2012-11-03,,,15.849315068493151,Little Rock,USA,Other,,1,1,0,,0,,roundA,0,,,Other,1,,,,1.0,,
c:714,acquired,2006-02-01,,,,18.92876712328767,New York,USA,US-East,,1,1,0,,0,,roundA,1,,,Top,0,,,,8.0,,
c:90087,acquired,2011-01-01,,,,14.01095890410959,Cambridge,USA,US-East,,1,1,0,,0,,roundA,1,,,Top,0,,,,9.0,,
c:9373,acquired,2005-01-01,,,,20.013698630136986,Waltham,USA,US-East,,1,1,0,,0,,roundA,2,,,Top,1,,,,1.6667,,
c:16343,acquired,2008-06-05,,,,16.586301369863012,New York,USA,US-East,,1,1,0,,0,,roundA,0,,,Top,0,,,,2.0,,
c:13734,acquired,2005-01-01,,,,20.013698630136986,San Diego,USA,US-West,,1,1,0,,0,,roundA,2,,,Top,1,,,,2.25,,
c:4060,acquired,2004-05-10,,,,20.660273972602738,Lisle,USA,Other,,1,1,0,,0,,roundA,3,,,Top,1,,,,5.3333,,
c:58420,closed,2010-09-01,2013-09-08,,,3.021917808219178,New York,USA,US-East,,1,1,0,,0,,roundA,0,,,Top,1,,,,5.0,,
c:815,acquired,2006-01-01,,,,19.013698630136986,Boulder,USA,Other,,1,1,0,,0,,roundA,3,,,Top,0,,,,3.0,,
c:42112,closed,2007-01-01,2012-02-01,,,5.087671232876712,Palo Alto,USA,US-West,,1,1,0,,0,,roundA,0,,,Top,1,,,,1.5,,
c:16178,acquired,2000-01-01,,,,25.019178082191782,Cupertino,USA,US-West,,1,1,0,,0,,roundA,3,,,Top,0,,,,6.0,,
c:27021,acquired,2002-01-01,,,,23.016438356164382,Santa Clara,USA,US-West,,1,1,0,,0,,roundC,1,,,Top,0,,,,7.0,,
c:43133,closed,2003-01-01,2009-04-17,,,6.295890410958904,Houston,USA,US-South,,1,1,0,,0,,roundD,1,,,Top,0,,,,2.0,,
c:25756,closed,2006-01-01,2011-01-01,,,5.002739726027397,San Jose,USA,US-West,,1,1,0,,0,,roundA,0,,,Other,1,,,,1.0,,
c:17884,acquired,2000-01-01,,,,25.019178082191782,Santa Clara,USA,US-West,,1,1,0,,0,,roundC,2,,,Top,0,,,,4.6667,,
c:208,acquired,2004-01-01,,,,21.016438356164382,San Mateo,USA,US-West,,1,1,0,,0,,roundA,3,,,Top,1,,,,2.0,,
c:1078,acquired,2006-01-01,,,,19.013698630136986,San Francisco,USA,US-West,,1,1,0,,0,,roundA,3,,,Top,0,,,,7.5,,
c:1600,acquired,2005-01-01,,,,20.013698630136986,Mountain View,USA,US-West,,1,1,0,,0,,roundA,4,,,Top,0,,,,2.75,,
c:12071,acquired,2009-04-01,,,,15.764383561643836,New York,USA,US-East,,1,1,0,,0,,roundA,1,,,Other,0,,,,2.0,,
c:24681,closed,2004-01-01,2013-06-01,,,9.421917808219177,South San Francisco,USA,US-West,,1,1,0,,0,,roundA,2,,,Top,1,,,,3.0,,
c:96,acquired,2005-04-22,,,,19.70958904109589,San Francisco,USA,US-West,,1,1,0,,0,,roundA,3,,,Top,0,,,,4.0,,
c:15509,closed,2006-10-01,2010-11-05,,,4.098630136986301,Houston,USA,US-South,,1,1,0,,0,,roundA,1,,,Other,0,,,,1.0,,
c:52378,acquired,2007-01-01,,,,18.013698630136986,New York,USA,US-East,,1,1,0,,0,,roundA,1,,,Top,0,,,,2.0,,
c:167,closed,2004-12-03,2012-12-02,,,8.002739726027396,Middleton,USA,Other,,1,1,0,,0,,roundA,1,,,Other,0,,,,2.0,,
c:17758,acquired,2006-09-06,,,,18.334246575342465,New York,USA,US-East,,1,1,0,,0,,roundA,2,,,Top,1,,,,2.3333,,
c:8339,acquired,2000-01-01,,,,25.019178082191782,Bothell,USA,US-West,,1,1,0,,0,,roundC,2,,,Top,1,,,,5.6,,
c:21343,acquired,2009-01-01,,,,16.01095890410959,San Francisco,USA,US-West,,1,1,0,,0,,roundA,1,,,Top,0,,,,6.0,,
c:41747,closed,1998-01-01,2008-06-25,,,10.487671232876712,Burlington,USA,US-East,,1,1,0,,0,,roundB,1,,,Top,1,,,,2.6667,,
c:31549,closed,1999-01-01,2012-06-17,,,13.468493150684932,Sunnyvale,USA,US-West,,1,1,0,,0,,roundD,1,,,Top,0,,,,8.0,,
c:33198,acquired,2009-01-01,,,,16.01095890410959,San Francisco,USA,US-West,,1,1,0,,0,,roundA,2,,,Top,0,,,,1.0,,
c:26702,acquired,2003-01-01,,,,22.016438356164382,Santa Clara,USA,US-West,,1,1,0,,0,,roundB,1,,,Top,0,,,,3.0,,
